rating_id,user_id,movie_id,rating,rating_date
1,39,16,10,2020-01-01
2,104,4,10,2020-01-02
3,175,39,6,2020-01-03
4,7,85,4,2020-01-04
5,276,43,2,2020-01-05
6,326,54,7,2020-01-06
7,135,76,8,2020-01-07
8,272,72,1,2020-01-08
9,249,40,10,2020-01-09
10,129,39,6,2020-01-10
11,164,18,5,2020-01-11
12,401,32,7,2020-01-12
13,362,92,6,2020-01-13
14,391,90,8,2020-01-14
15,463,18,7,2020-01-15
16,454,58,8,2020-01-16
17,32,5,1,2020-01-17
18,44,21,3,2020-01-18
19,225,59,10,2020-01-19
20,464,77,9,2020-01-20
21,406,14,10,2020-01-21
22,149,83,8,2020-01-22
23,107,12,5,2020-01-23
24,224,87,10,2020-01-24
25,424,65,5,2020-01-25
26,189,1,10,2020-01-26
27,51,68,6,2020-01-27
28,243,31,6,2020-01-28
29,385,18,3,2020-01-29
30,454,15,9,2020-01-30
31,499,45,1,2020-01-31
32,278,44,3,2020-02-01
33,193,39,6,2020-02-02
34,373,86,8,2020-02-03
35,52,32,8,2020-02-04
36,115,95,3,2020-02-05
37,18,92,6,2020-02-06
38,441,5,1,2020-02-07
39,459,8,4,2020-02-08
40,190,7,2,2020-02-09
41,217,75,10,2020-02-10
42,38,31,5,2020-02-11
43,437,49,10,2020-02-12
44,207,17,4,2020-02-13
45,31,69,1,2020-02-14
46,258,3,4,2020-02-15
47,279,62,2,2020-02-16
48,104,80,5,2020-02-17
49,168,43,9,2020-02-18
50,150,38,10,2020-02-19
51,100,95,5,2020-02-20
52,179,23,5,2020-02-21
53,332,98,6,2020-02-22
54,292,91,8,2020-02-23
55,178,76,1,2020-02-24
56,389,82,2,2020-02-25
57,313,77,4,2020-02-26
58,386,53,10,2020-02-27
59,373,12,8,2020-02-28
60,80,78,5,2020-02-29
61,464,80,3,2020-03-01
62,256,2,7,2020-03-02
63,393,9,8,2020-03-03
64,290,65,8,2020-03-04
65,39,41,1,2020-03-05
66,446,70,2,2020-03-06
67,139,75,5,2020-03-07
68,436,89,3,2020-03-08
69,392,37,3,2020-03-09
70,69,5,6,2020-03-10
71,38,94,10,2020-03-11
72,172,46,5,2020-03-12
73,101,69,6,2020-03-13
74,261,70,4,2020-03-14
75,291,4,6,2020-03-15
76,241,42,7,2020-03-16
77,83,15,6,2020-03-17
78,489,76,2,2020-03-18
79,309,28,6,2020-03-19
80,183,32,9,2020-03-20
81,296,70,8,2020-03-21
82,300,76,6,2020-03-22
83,26,90,7,2020-03-23
84,385,36,5,2020-03-24
85,56,26,8,2020-03-25
86,400,82,7,2020-03-26
87,330,65,7,2020-03-27
88,391,6,4,2020-03-28
89,139,34,3,2020-03-29
90,92,51,7,2020-03-30
91,10,57,1,2020-03-31
92,461,26,2,2020-04-01
93,246,1,3,2020-04-02
94,64,86,7,2020-04-03
95,439,78,5,2020-04-04
96,228,69,5,2020-04-05
97,217,23,2,2020-04-06
98,66,60,5,2020-04-07
99,43,44,2,2020-04-08
100,368,85,2,2020-04-09
101,231,45,3,2020-04-10
102,344,5,2,2020-04-11
103,237,92,10,2020-04-12
104,164,81,9,2020-04-13
105,148,62,10,2020-04-14
106,111,96,6,2020-04-15
107,222,25,5,2020-04-16
108,363,74,2,2020-04-17
109,346,86,5,2020-04-18
110,145,44,9,2020-04-19
111,337,63,10,2020-04-20
112,454,29,7,2020-04-21
113,465,96,9,2020-04-22
114,424,57,10,2020-04-23
115,296,41,8,2020-04-24
116,56,92,3,2020-04-25
117,258,33,9,2020-04-26
118,430,88,2,2020-04-27
119,345,33,8,2020-04-28
120,11,23,3,2020-04-29
121,404,91,10,2020-04-30
122,47,34,9,2020-05-01
123,364,19,8,2020-05-02
124,210,63,8,2020-05-03
125,88,77,1,2020-05-04
126,390,44,9,2020-05-05
127,429,95,8,2020-05-06
128,371,69,4,2020-05-07
129,8,76,8,2020-05-08
130,358,23,2,2020-05-09
131,390,100,9,2020-05-10
132,213,37,2,2020-05-11
133,1,74,2,2020-05-12
134,330,81,10,2020-05-13
135,289,63,1,2020-05-14
136,255,94,6,2020-05-15
137,259,90,2,2020-05-16
138,126,17,6,2020-05-17
139,253,13,1,2020-05-18
140,430,3,9,2020-05-19
141,86,36,3,2020-05-20
142,467,59,5,2020-05-21
143,170,35,5,2020-05-22
144,403,23,1,2020-05-23
145,32,55,2,2020-05-24
146,365,43,10,2020-05-25
147,136,33,2,2020-05-26
148,326,72,4,2020-05-27
149,211,77,6,2020-05-28
150,8,41,3,2020-05-29
151,380,73,5,2020-05-30
152,411,70,9,2020-05-31
153,383,23,2,2020-06-01
154,245,32,9,2020-06-02
155,101,45,9,2020-06-03
156,102,80,10,2020-06-04
157,140,1,8,2020-06-05
158,428,70,3,2020-06-06
159,432,64,3,2020-06-07
160,380,17,9,2020-06-08
161,101,4,1,2020-06-09
162,311,80,9,2020-06-10
163,250,96,3,2020-06-11
164,386,1,4,2020-06-12
165,282,18,2,2020-06-13
166,299,61,3,2020-06-14
167,188,47,3,2020-06-15
168,171,82,1,2020-06-16
169,131,59,5,2020-06-17
170,150,22,8,2020-06-18
171,78,16,3,2020-06-19
172,366,56,1,2020-06-20
173,253,51,3,2020-06-21
174,128,73,8,2020-06-22
175,238,7,6,2020-06-23
176,405,3,6,2020-06-24
177,257,50,6,2020-06-25
178,246,52,7,2020-06-26
179,303,64,5,2020-06-27
180,370,67,1,2020-06-28
181,451,50,2,2020-06-29
182,16,91,6,2020-06-30
183,53,19,4,2020-07-01
184,65,19,1,2020-07-02
185,388,13,2,2020-07-03
186,270,61,10,2020-07-04
187,324,59,3,2020-07-05
188,178,85,4,2020-07-06
189,363,95,8,2020-07-07
190,433,10,7,2020-07-08
191,59,46,1,2020-07-09
192,127,77,3,2020-07-10
193,100,50,7,2020-07-11
194,288,4,1,2020-07-12
195,327,90,5,2020-07-13
196,385,5,2,2020-07-14
197,305,9,3,2020-07-15
198,233,9,2,2020-07-16
199,93,37,3,2020-07-17
200,53,12,1,2020-07-18
201,89,70,10,2020-07-19
202,363,18,10,2020-07-20
203,133,41,7,2020-07-21
204,419,6,10,2020-07-22
205,186,37,4,2020-07-23
206,214,52,3,2020-07-24
207,68,52,4,2020-07-25
208,500,62,8,2020-07-26
209,354,40,7,2020-07-27
210,219,23,6,2020-07-28
211,56,89,7,2020-07-29
212,270,94,5,2020-07-30
213,119,51,7,2020-07-31
214,234,53,4,2020-08-01
215,435,80,8,2020-08-02
216,275,41,4,2020-08-03
217,16,1,1,2020-08-04
218,452,88,7,2020-08-05
219,178,69,10,2020-08-06
220,448,10,2,2020-08-07
221,11,49,8,2020-08-08
222,40,46,3,2020-08-09
223,73,31,5,2020-08-10
224,250,58,6,2020-08-11
225,119,40,8,2020-08-12
226,166,90,7,2020-08-13
227,124,30,7,2020-08-14
228,466,25,6,2020-08-15
229,347,3,10,2020-08-16
230,85,14,5,2020-08-17
231,362,5,6,2020-08-18
232,125,69,4,2020-08-19
233,475,57,1,2020-08-20
234,39,65,1,2020-08-21
235,113,71,9,2020-08-22
236,440,64,1,2020-08-23
237,118,90,5,2020-08-24
238,93,33,2,2020-08-25
239,364,42,7,2020-08-26
240,484,77,9,2020-08-27
241,309,58,6,2020-08-28
242,316,75,7,2020-08-29
243,296,53,1,2020-08-30
244,25,79,8,2020-08-31
245,320,87,7,2020-09-01
246,369,70,7,2020-09-02
247,74,22,5,2020-09-03
248,306,71,9,2020-09-04
249,69,11,4,2020-09-05
250,347,13,2,2020-09-06
251,172,99,1,2020-09-07
252,243,99,1,2020-09-08
253,494,72,5,2020-09-09
254,281,57,2,2020-09-10
255,46,71,8,2020-09-11
256,88,13,6,2020-09-12
257,180,54,3,2020-09-13
258,190,44,1,2020-09-14
259,189,91,1,2020-09-15
260,327,66,9,2020-09-16
261,416,97,3,2020-09-17
262,457,36,7,2020-09-18
263,240,52,9,2020-09-19
264,39,29,2,2020-09-20
265,489,64,7,2020-09-21
266,189,30,3,2020-09-22
267,403,77,7,2020-09-23
268,72,89,9,2020-09-24
269,443,41,4,2020-09-25
270,10,96,3,2020-09-26
271,458,81,3,2020-09-27
272,177,10,3,2020-09-28
273,185,29,9,2020-09-29
274,383,3,10,2020-09-30
275,47,83,4,2020-10-01
276,306,33,3,2020-10-02
277,106,5,7,2020-10-03
278,308,2,4,2020-10-04
279,358,62,4,2020-10-05
280,308,5,3,2020-10-06
281,156,87,2,2020-10-07
282,383,68,8,2020-10-08
283,487,36,4,2020-10-09
284,320,38,10,2020-10-10
285,39,86,4,2020-10-11
286,20,38,9,2020-10-12
287,449,7,2,2020-10-13
288,275,29,6,2020-10-14
289,128,80,5,2020-10-15
290,286,24,2,2020-10-16
291,282,32,8,2020-10-17
292,254,56,10,2020-10-18
293,472,98,2,2020-10-19
294,408,15,1,2020-10-20
295,70,26,4,2020-10-21
296,262,3,1,2020-10-22
297,468,14,10,2020-10-23
298,331,45,4,2020-10-24
299,93,6,10,2020-10-25
300,472,38,3,2020-10-26
301,224,5,8,2020-10-27
302,473,43,4,2020-10-28
303,148,21,6,2020-10-29
304,240,9,4,2020-10-30
305,437,14,3,2020-10-31
306,206,51,1,2020-11-01
307,423,5,6,2020-11-02
308,196,88,2,2020-11-03
309,225,23,8,2020-11-04
310,434,71,8,2020-11-05
311,481,70,3,2020-11-06
312,35,39,4,2020-11-07
313,153,39,7,2020-11-08
314,327,99,10,2020-11-09
315,446,80,4,2020-11-10
316,41,89,8,2020-11-11
317,424,97,10,2020-11-12
318,142,8,2,2020-11-13
319,366,90,2,2020-11-14
320,85,80,3,2020-11-15
321,112,51,4,2020-11-16
322,273,26,1,2020-11-17
323,435,27,6,2020-11-18
324,144,73,8,2020-11-19
325,167,4,10,2020-11-20
326,215,57,8,2020-11-21
327,451,49,2,2020-11-22
328,424,34,6,2020-11-23
329,247,39,10,2020-11-24
330,202,77,1,2020-11-25
331,433,29,9,2020-11-26
332,251,92,7,2020-11-27
333,333,71,4,2020-11-28
334,123,75,2,2020-11-29
335,13,34,9,2020-11-30
336,50,33,1,2020-12-01
337,344,67,4,2020-12-02
338,494,8,1,2020-12-03
339,109,96,5,2020-12-04
340,161,9,10,2020-12-05
341,286,73,4,2020-12-06
342,436,22,9,2020-12-07
343,61,97,3,2020-12-08
344,178,87,6,2020-12-09
345,278,76,7,2020-12-10
346,393,63,8,2020-12-11
347,204,37,1,2020-12-12
348,368,23,6,2020-12-13
349,432,2,8,2020-12-14
350,380,29,6,2020-12-15
351,318,71,1,2020-12-16
352,253,81,9,2020-12-17
353,220,97,5,2020-12-18
354,252,68,1,2020-12-19
355,10,62,5,2020-12-20
356,108,59,1,2020-12-21
357,279,74,2,2020-12-22
358,111,78,8,2020-12-23
359,423,16,9,2020-12-24
360,2,58,2,2020-12-25
361,42,59,9,2020-12-26
362,243,54,9,2020-12-27
363,129,22,6,2020-12-28
364,289,12,9,2020-12-29
365,68,80,5,2020-12-30
366,235,77,3,2020-12-31
367,22,24,1,2021-01-01
368,51,72,9,2021-01-02
369,120,48,1,2021-01-03
370,367,77,2,2021-01-04
371,84,87,2,2021-01-05
372,342,68,2,2021-01-06
373,42,62,6,2021-01-07
374,487,9,7,2021-01-08
375,39,4,2,2021-01-09
376,472,47,2,2021-01-10
377,159,17,3,2021-01-11
378,174,85,7,2021-01-12
379,193,9,3,2021-01-13
380,363,98,6,2021-01-14
381,46,73,7,2021-01-15
382,328,54,4,2021-01-16
383,275,37,6,2021-01-17
384,299,74,9,2021-01-18
385,427,45,8,2021-01-19
386,466,55,7,2021-01-20
387,280,51,1,2021-01-21
388,407,54,10,2021-01-22
389,288,35,1,2021-01-23
390,358,90,9,2021-01-24
391,263,77,3,2021-01-25
392,78,26,3,2021-01-26
393,435,43,10,2021-01-27
394,305,98,4,2021-01-28
395,222,53,7,2021-01-29
396,346,29,5,2021-01-30
397,488,28,3,2021-01-31
398,401,45,9,2021-02-01
399,356,68,10,2021-02-02
400,6,15,1,2021-02-03
401,79,21,8,2021-02-04
402,70,64,1,2021-02-05
403,474,26,1,2021-02-06
404,299,25,9,2021-02-07
405,75,37,8,2021-02-08
406,364,47,9,2021-02-09
407,415,77,8,2021-02-10
408,315,90,4,2021-02-11
409,234,100,4,2021-02-12
410,80,11,1,2021-02-13
411,152,11,7,2021-02-14
412,104,14,7,2021-02-15
413,440,19,1,2021-02-16
414,5,3,2,2021-02-17
415,38,68,9,2021-02-18
416,423,24,3,2021-02-19
417,113,48,2,2021-02-20
418,419,14,8,2021-02-21
419,252,45,10,2021-02-22
420,142,70,6,2021-02-23
421,7,61,7,2021-02-24
422,376,34,6,2021-02-25
423,3,85,5,2021-02-26
424,236,87,7,2021-02-27
425,20,33,9,2021-02-28
426,16,31,4,2021-03-01
427,228,54,5,2021-03-02
428,157,97,2,2021-03-03
429,307,85,2,2021-03-04
430,463,74,3,2021-03-05
431,186,2,9,2021-03-06
432,285,70,4,2021-03-07
433,338,17,9,2021-03-08
434,292,35,8,2021-03-09
435,219,6,4,2021-03-10
436,225,47,9,2021-03-11
437,452,56,8,2021-03-12
438,273,96,5,2021-03-13
439,140,70,3,2021-03-14
440,466,12,6,2021-03-15
441,124,87,2,2021-03-16
442,133,34,9,2021-03-17
443,394,52,3,2021-03-18
444,335,22,10,2021-03-19
445,142,27,4,2021-03-20
446,2,19,9,2021-03-21
447,242,33,8,2021-03-22
448,286,78,6,2021-03-23
449,275,26,7,2021-03-24
450,396,61,3,2021-03-25
451,262,34,9,2021-03-26
452,365,82,8,2021-03-27
453,160,39,4,2021-03-28
454,299,4,9,2021-03-29
455,365,69,2,2021-03-30
456,207,94,10,2021-03-31
457,329,17,6,2021-04-01
458,293,60,1,2021-04-02
459,67,86,6,2021-04-03
460,35,36,10,2021-04-04
461,244,41,4,2021-04-05
462,115,68,3,2021-04-06
463,494,15,10,2021-04-07
464,143,68,6,2021-04-08
465,227,76,1,2021-04-09
466,12,53,3,2021-04-10
467,376,62,8,2021-04-11
468,281,20,10,2021-04-12
469,479,3,3,2021-04-13
470,108,23,7,2021-04-14
471,489,1,8,2021-04-15
472,377,96,5,2021-04-16
473,110,79,1,2021-04-17
474,462,62,2,2021-04-18
475,394,92,10,2021-04-19
476,278,27,10,2021-04-20
477,302,9,1,2021-04-21
478,118,72,2,2021-04-22
479,320,86,3,2021-04-23
480,433,18,8,2021-04-24
481,415,30,5,2021-04-25
482,2,43,3,2021-04-26
483,288,98,6,2021-04-27
484,258,35,9,2021-04-28
485,261,95,9,2021-04-29
486,275,50,10,2021-04-30
487,500,45,9,2021-05-01
488,59,80,10,2021-05-02
489,484,39,7,2021-05-03
490,345,26,6,2021-05-04
491,169,39,3,2021-05-05
492,62,73,6,2021-05-06
493,171,56,2,2021-05-07
494,110,74,6,2021-05-08
495,452,58,10,2021-05-09
496,380,9,3,2021-05-10
497,173,26,2,2021-05-11
498,461,76,4,2021-05-12
499,253,32,5,2021-05-13
500,377,11,5,2021-05-14
501,497,96,8,2021-05-15
502,208,51,8,2021-05-16
503,48,4,2,2021-05-17
504,94,88,8,2021-05-18
505,98,93,7,2021-05-19
506,76,28,4,2021-05-20
507,114,89,5,2021-05-21
508,47,6,3,2021-05-22
509,450,73,8,2021-05-23
510,490,21,1,2021-05-24
511,69,27,1,2021-05-25
512,412,63,5,2021-05-26
513,445,44,6,2021-05-27
514,126,64,2,2021-05-28
515,262,51,9,2021-05-29
516,131,37,4,2021-05-30
517,206,44,7,2021-05-31
518,220,11,9,2021-06-01
519,387,32,3,2021-06-02
520,145,81,3,2021-06-03
521,13,64,3,2021-06-04
522,285,58,7,2021-06-05
523,471,53,1,2021-06-06
524,441,100,6,2021-06-07
525,473,7,8,2021-06-08
526,123,38,8,2021-06-09
527,266,54,6,2021-06-10
528,114,78,4,2021-06-11
529,334,64,10,2021-06-12
530,191,46,7,2021-06-13
531,206,78,8,2021-06-14
532,312,82,10,2021-06-15
533,329,74,1,2021-06-16
534,281,22,6,2021-06-17
535,107,62,1,2021-06-18
536,118,27,8,2021-06-19
537,301,73,10,2021-06-20
538,409,68,8,2021-06-21
539,275,55,7,2021-06-22
540,115,42,1,2021-06-23
541,335,69,3,2021-06-24
542,286,51,7,2021-06-25
543,244,87,6,2021-06-26
544,81,91,7,2021-06-27
545,491,68,6,2021-06-28
546,9,61,6,2021-06-29
547,45,1,6,2021-06-30
548,59,48,7,2021-07-01
549,399,25,6,2021-07-02
550,118,41,5,2021-07-03
551,147,26,10,2021-07-04
552,233,5,6,2021-07-05
553,232,40,10,2021-07-06
554,133,9,1,2021-07-07
555,76,63,1,2021-07-08
556,185,56,2,2021-07-09
557,92,32,6,2021-07-10
558,127,14,4,2021-07-11
559,22,100,5,2021-07-12
560,265,42,8,2021-07-13
561,312,72,6,2021-07-14
562,89,36,6,2021-07-15
563,420,95,10,2021-07-16
564,274,14,8,2021-07-17
565,101,41,4,2021-07-18
566,305,79,9,2021-07-19
567,422,12,4,2021-07-20
568,70,93,7,2021-07-21
569,16,1,6,2021-07-22
570,133,78,2,2021-07-23
571,429,11,6,2021-07-24
572,33,81,2,2021-07-25
573,174,96,1,2021-07-26
574,159,10,8,2021-07-27
575,246,24,1,2021-07-28
576,338,53,9,2021-07-29
577,443,89,10,2021-07-30
578,418,29,2,2021-07-31
579,86,20,5,2021-08-01
580,351,18,8,2021-08-02
581,82,44,2,2021-08-03
582,166,12,7,2021-08-04
583,172,62,9,2021-08-05
584,137,98,9,2021-08-06
585,374,18,5,2021-08-07
586,385,15,6,2021-08-08
587,237,19,8,2021-08-09
588,112,93,10,2021-08-10
589,423,95,8,2021-08-11
590,89,66,3,2021-08-12
591,234,37,5,2021-08-13
592,32,5,5,2021-08-14
593,429,42,4,2021-08-15
594,420,3,9,2021-08-16
595,327,83,6,2021-08-17
596,182,12,10,2021-08-18
597,313,97,7,2021-08-19
598,264,89,4,2021-08-20
599,75,5,9,2021-08-21
600,261,91,3,2021-08-22
601,492,44,10,2021-08-23
602,496,36,4,2021-08-24
603,229,22,1,2021-08-25
604,143,88,7,2021-08-26
605,436,16,1,2021-08-27
606,1,58,5,2021-08-28
607,233,81,2,2021-08-29
608,368,11,6,2021-08-30
609,129,82,8,2021-08-31
610,316,23,2,2021-09-01
611,286,57,8,2021-09-02
612,452,3,2,2021-09-03
613,150,62,3,2021-09-04
614,69,64,2,2021-09-05
615,269,30,3,2021-09-06
616,86,38,10,2021-09-07
617,342,51,10,2021-09-08
618,152,57,3,2021-09-09
619,312,52,4,2021-09-10
620,133,4,3,2021-09-11
621,440,58,4,2021-09-12
622,387,2,10,2021-09-13
623,45,24,1,2021-09-14
624,270,25,7,2021-09-15
625,468,11,1,2021-09-16
626,45,13,10,2021-09-17
627,239,27,2,2021-09-18
628,340,86,6,2021-09-19
629,231,69,2,2021-09-20
630,31,14,6,2021-09-21
631,269,89,2,2021-09-22
632,84,6,2,2021-09-23
633,236,81,5,2021-09-24
634,118,16,8,2021-09-25
635,103,2,3,2021-09-26
636,255,59,4,2021-09-27
637,352,35,7,2021-09-28
638,466,100,10,2021-09-29
639,361,92,7,2021-09-30
640,216,78,2,2021-10-01
641,134,49,8,2021-10-02
642,44,7,1,2021-10-03
643,97,73,7,2021-10-04
644,175,33,4,2021-10-05
645,51,78,10,2021-10-06
646,453,60,6,2021-10-07
647,230,64,8,2021-10-08
648,485,53,9,2021-10-09
649,274,37,9,2021-10-10
650,351,87,7,2021-10-11
651,12,31,4,2021-10-12
652,370,6,10,2021-10-13
653,101,90,8,2021-10-14
654,27,26,8,2021-10-15
655,378,16,8,2021-10-16
656,19,35,4,2021-10-17
657,341,51,7,2021-10-18
658,334,12,8,2021-10-19
659,387,56,1,2021-10-20
660,254,45,9,2021-10-21
661,82,13,10,2021-10-22
662,273,93,9,2021-10-23
663,281,48,1,2021-10-24
664,261,53,4,2021-10-25
665,23,66,3,2021-10-26
666,240,42,10,2021-10-27
667,57,56,3,2021-10-28
668,125,38,1,2021-10-29
669,111,74,4,2021-10-30
670,24,25,10,2021-10-31
671,220,99,9,2021-11-01
672,12,90,1,2021-11-02
673,445,30,4,2021-11-03
674,119,76,10,2021-11-04
675,357,75,3,2021-11-05
676,92,42,7,2021-11-06
677,347,1,8,2021-11-07
678,7,71,1,2021-11-08
679,459,65,3,2021-11-09
680,345,71,8,2021-11-10
681,116,6,4,2021-11-11
682,223,95,2,2021-11-12
683,180,47,6,2021-11-13
684,240,93,7,2021-11-14
685,286,41,1,2021-11-15
686,426,2,8,2021-11-16
687,234,19,4,2021-11-17
688,200,75,8,2021-11-18
689,244,77,3,2021-11-19
690,339,71,8,2021-11-20
691,228,38,1,2021-11-21
692,63,30,5,2021-11-22
693,215,47,9,2021-11-23
694,477,91,6,2021-11-24
695,58,25,8,2021-11-25
696,67,84,2,2021-11-26
697,405,26,4,2021-11-27
698,190,89,8,2021-11-28
699,460,73,2,2021-11-29
700,444,25,8,2021-11-30
701,209,63,2,2021-12-01
702,393,62,7,2021-12-02
703,98,96,2,2021-12-03
704,195,45,4,2021-12-04
705,446,63,3,2021-12-05
706,95,48,7,2021-12-06
707,39,100,6,2021-12-07
708,251,36,9,2021-12-08
709,260,23,2,2021-12-09
710,13,64,2,2021-12-10
711,325,66,1,2021-12-11
712,438,43,10,2021-12-12
713,3,85,7,2021-12-13
714,177,82,10,2021-12-14
715,20,79,8,2021-12-15
716,114,57,5,2021-12-16
717,224,93,1,2021-12-17
718,264,80,1,2021-12-18
719,192,93,5,2021-12-19
720,375,12,9,2021-12-20
721,323,24,1,2021-12-21
722,376,82,5,2021-12-22
723,277,29,2,2021-12-23
724,276,50,5,2021-12-24
725,462,56,7,2021-12-25
726,266,88,6,2021-12-26
727,99,51,10,2021-12-27
728,73,100,5,2021-12-28
729,342,51,9,2021-12-29
730,54,46,2,2021-12-30
731,428,52,3,2021-12-31
732,479,32,8,2022-01-01
733,370,28,4,2022-01-02
734,123,85,10,2022-01-03
735,393,32,2,2022-01-04
736,237,30,1,2022-01-05
737,151,5,6,2022-01-06
738,491,88,4,2022-01-07
739,51,18,9,2022-01-08
740,481,90,5,2022-01-09
741,33,84,9,2022-01-10
742,266,63,1,2022-01-11
743,274,70,3,2022-01-12
744,453,64,6,2022-01-13
745,363,43,7,2022-01-14
746,8,100,6,2022-01-15
747,477,73,5,2022-01-16
748,205,79,7,2022-01-17
749,178,76,2,2022-01-18
750,237,25,1,2022-01-19
751,332,83,3,2022-01-20
752,298,45,4,2022-01-21
753,17,29,10,2022-01-22
754,471,79,8,2022-01-23
755,87,80,10,2022-01-24
756,139,90,9,2022-01-25
757,285,62,5,2022-01-26
758,214,68,6,2022-01-27
759,306,14,4,2022-01-28
760,159,69,6,2022-01-29
761,34,8,8,2022-01-30
762,156,14,6,2022-01-31
763,232,41,6,2022-02-01
764,421,61,4,2022-02-02
765,497,49,4,2022-02-03
766,135,41,8,2022-02-04
767,294,6,7,2022-02-05
768,451,40,10,2022-02-06
769,216,3,10,2022-02-07
770,343,28,1,2022-02-08
771,90,8,10,2022-02-09
772,152,23,1,2022-02-10
773,50,100,4,2022-02-11
774,134,84,1,2022-02-12
775,367,32,3,2022-02-13
776,151,27,9,2022-02-14
777,421,22,3,2022-02-15
778,484,54,7,2022-02-16
779,374,7,8,2022-02-17
780,76,18,6,2022-02-18
781,387,85,10,2022-02-19
782,276,15,10,2022-02-20
783,140,39,10,2022-02-21
784,164,15,10,2022-02-22
785,301,89,3,2022-02-23
786,131,50,2,2022-02-24
787,496,41,3,2022-02-25
788,44,75,7,2022-02-26
789,183,68,5,2022-02-27
790,449,73,4,2022-02-28
791,46,55,3,2022-03-01
792,10,49,6,2022-03-02
793,48,77,5,2022-03-03
794,458,32,8,2022-03-04
795,496,16,10,2022-03-05
796,187,61,10,2022-03-06
797,451,97,9,2022-03-07
798,64,96,8,2022-03-08
799,317,1,9,2022-03-09
800,88,33,2,2022-03-10
801,465,35,5,2022-03-11
802,452,23,7,2022-03-12
803,232,87,8,2022-03-13
804,20,34,6,2022-03-14
805,266,65,4,2022-03-15
806,283,19,9,2022-03-16
807,471,81,8,2022-03-17
808,30,17,8,2022-03-18
809,301,80,2,2022-03-19
810,402,51,1,2022-03-20
811,184,6,3,2022-03-21
812,433,77,10,2022-03-22
813,157,83,10,2022-03-23
814,318,66,8,2022-03-24
815,451,50,4,2022-03-25
816,420,75,3,2022-03-26
817,92,53,10,2022-03-27
818,226,40,1,2022-03-28
819,119,36,1,2022-03-29
820,199,81,7,2022-03-30
821,259,82,5,2022-03-31
822,415,73,6,2022-04-01
823,150,69,5,2022-04-02
824,246,74,10,2022-04-03
825,492,41,9,2022-04-04
826,153,10,2,2022-04-05
827,146,38,9,2022-04-06
828,340,30,4,2022-04-07
829,148,4,7,2022-04-08
830,122,31,7,2022-04-09
831,61,12,10,2022-04-10
832,27,64,5,2022-04-11
833,200,56,2,2022-04-12
834,314,50,10,2022-04-13
835,262,70,8,2022-04-14
836,490,53,1,2022-04-15
837,101,11,7,2022-04-16
838,436,6,4,2022-04-17
839,57,24,10,2022-04-18
840,149,24,7,2022-04-19
841,31,48,2,2022-04-20
842,293,79,5,2022-04-21
843,89,9,3,2022-04-22
844,305,80,3,2022-04-23
845,194,43,7,2022-04-24
846,429,39,3,2022-04-25
847,485,44,2,2022-04-26
848,120,23,4,2022-04-27
849,211,88,3,2022-04-28
850,210,20,9,2022-04-29
851,219,65,5,2022-04-30
852,443,41,6,2022-05-01
853,355,85,4,2022-05-02
854,438,34,7,2022-05-03
855,53,95,1,2022-05-04
856,320,33,5,2022-05-05
857,116,15,6,2022-05-06
858,202,75,8,2022-05-07
859,73,86,4,2022-05-08
860,329,65,9,2022-05-09
861,285,72,2,2022-05-10
862,338,7,6,2022-05-11
863,120,68,8,2022-05-12
864,322,1,5,2022-05-13
865,25,50,8,2022-05-14
866,466,50,7,2022-05-15
867,456,78,3,2022-05-16
868,331,36,3,2022-05-17
869,252,65,4,2022-05-18
870,168,52,6,2022-05-19
871,152,17,10,2022-05-20
872,296,24,6,2022-05-21
873,453,93,6,2022-05-22
874,243,40,7,2022-05-23
875,129,28,7,2022-05-24
876,350,26,2,2022-05-25
877,262,2,3,2022-05-26
878,167,86,6,2022-05-27
879,469,73,8,2022-05-28
880,175,22,9,2022-05-29
881,196,3,10,2022-05-30
882,406,82,8,2022-05-31
883,354,8,2,2022-06-01
884,213,78,1,2022-06-02
885,379,11,5,2022-06-03
886,204,60,1,2022-06-04
887,126,88,8,2022-06-05
888,212,95,2,2022-06-06
889,445,22,10,2022-06-07
890,9,16,1,2022-06-08
891,198,42,9,2022-06-09
892,165,21,4,2022-06-10
893,57,97,10,2022-06-11
894,7,31,1,2022-06-12
895,260,6,1,2022-06-13
896,107,82,5,2022-06-14
897,397,59,5,2022-06-15
898,77,30,6,2022-06-16
899,146,42,6,2022-06-17
900,60,43,9,2022-06-18
901,37,68,1,2022-06-19
902,378,98,4,2022-06-20
903,188,8,6,2022-06-21
904,244,30,4,2022-06-22
905,246,83,3,2022-06-23
906,36,1,1,2022-06-24
907,149,42,1,2022-06-25
908,386,4,8,2022-06-26
909,3,39,6,2022-06-27
910,310,78,5,2022-06-28
911,85,94,9,2022-06-29
912,149,14,6,2022-06-30
913,341,49,3,2022-07-01
914,363,99,5,2022-07-02
915,368,50,4,2022-07-03
916,211,80,1,2022-07-04
917,463,32,1,2022-07-05
918,397,62,7,2022-07-06
919,435,40,6,2022-07-07
920,386,76,7,2022-07-08
921,91,43,5,2022-07-09
922,254,62,2,2022-07-10
923,438,21,7,2022-07-11
924,70,30,9,2022-07-12
925,143,97,3,2022-07-13
926,440,25,3,2022-07-14
927,190,49,2,2022-07-15
928,83,26,1,2022-07-16
929,373,77,5,2022-07-17
930,106,52,4,2022-07-18
931,230,4,7,2022-07-19
932,20,76,1,2022-07-20
933,84,82,6,2022-07-21
934,45,11,6,2022-07-22
935,165,47,5,2022-07-23
936,145,7,8,2022-07-24
937,209,99,10,2022-07-25
938,40,12,9,2022-07-26
939,167,1,7,2022-07-27
940,183,77,3,2022-07-28
941,102,46,6,2022-07-29
942,232,91,9,2022-07-30
943,222,91,4,2022-07-31
944,80,30,2,2022-08-01
945,203,79,6,2022-08-02
946,362,23,9,2022-08-03
947,448,6,9,2022-08-04
948,360,4,10,2022-08-05
949,302,56,4,2022-08-06
950,82,16,5,2022-08-07
951,157,70,1,2022-08-08
952,106,18,1,2022-08-09
953,70,23,8,2022-08-10
954,414,62,10,2022-08-11
955,75,68,7,2022-08-12
956,157,7,5,2022-08-13
957,450,16,10,2022-08-14
958,385,33,10,2022-08-15
959,257,96,3,2022-08-16
960,288,35,4,2022-08-17
961,222,30,5,2022-08-18
962,191,30,9,2022-08-19
963,48,69,9,2022-08-20
964,74,40,3,2022-08-21
965,419,7,4,2022-08-22
966,165,26,2,2022-08-23
967,199,72,4,2022-08-24
968,265,57,1,2022-08-25
969,314,49,7,2022-08-26
970,210,26,6,2022-08-27
971,90,5,9,2022-08-28
972,361,72,5,2022-08-29
973,343,31,4,2022-08-30
974,465,100,3,2022-08-31
975,187,89,1,2022-09-01
976,73,9,7,2022-09-02
977,384,32,2,2022-09-03
978,30,38,5,2022-09-04
979,499,58,1,2022-09-05
980,48,20,9,2022-09-06
981,229,34,4,2022-09-07
982,244,50,7,2022-09-08
983,291,51,9,2022-09-09
984,85,88,6,2022-09-10
985,157,23,1,2022-09-11
986,407,46,3,2022-09-12
987,238,1,9,2022-09-13
988,66,56,8,2022-09-14
989,439,43,5,2022-09-15
990,377,41,2,2022-09-16
991,56,60,3,2022-09-17
992,130,95,1,2022-09-18
993,334,79,2,2022-09-19
994,352,60,3,2022-09-20
995,261,91,2,2022-09-21
996,113,60,2,2022-09-22
997,111,66,1,2022-09-23
998,191,52,7,2022-09-24
999,57,94,10,2022-09-25
1000,389,19,7,2022-09-26
1001,305,58,2,2022-09-27
1002,263,28,2,2022-09-28
1003,498,9,4,2022-09-29
1004,340,8,5,2022-09-30
1005,286,59,4,2022-10-01
1006,315,76,1,2022-10-02
1007,137,40,2,2022-10-03
1008,168,12,9,2022-10-04
1009,497,84,4,2022-10-05
1010,328,36,5,2022-10-06
1011,1,75,4,2022-10-07
1012,146,48,3,2022-10-08
1013,97,34,5,2022-10-09
1014,388,66,9,2022-10-10
1015,260,96,2,2022-10-11
1016,52,70,1,2022-10-12
1017,495,41,4,2022-10-13
1018,289,3,8,2022-10-14
1019,330,25,5,2022-10-15
1020,308,42,4,2022-10-16
1021,331,1,3,2022-10-17
1022,323,8,4,2022-10-18
1023,231,33,2,2022-10-19
1024,498,18,4,2022-10-20
1025,328,61,4,2022-10-21
1026,144,79,5,2022-10-22
1027,242,51,9,2022-10-23
1028,108,48,3,2022-10-24
1029,265,93,3,2022-10-25
1030,406,32,4,2022-10-26
1031,279,80,7,2022-10-27
1032,191,40,2,2022-10-28
1033,420,65,5,2022-10-29
1034,2,67,5,2022-10-30
1035,462,59,6,2022-10-31
1036,374,94,9,2022-11-01
1037,314,69,10,2022-11-02
1038,393,22,5,2022-11-03
1039,206,81,8,2022-11-04
1040,469,93,6,2022-11-05
1041,192,17,6,2022-11-06
1042,193,94,10,2022-11-07
1043,131,69,9,2022-11-08
1044,493,93,10,2022-11-09
1045,208,53,2,2022-11-10
1046,124,54,1,2022-11-11
1047,125,84,9,2022-11-12
1048,184,49,9,2022-11-13
1049,392,65,10,2022-11-14
1050,121,92,7,2022-11-15
1051,41,46,5,2022-11-16
1052,90,9,9,2022-11-17
1053,229,1,1,2022-11-18
1054,43,53,2,2022-11-19
1055,28,61,8,2022-11-20
1056,256,47,3,2022-11-21
1057,401,16,1,2022-11-22
1058,157,33,9,2022-11-23
1059,75,68,6,2022-11-24
1060,332,99,8,2022-11-25
1061,272,81,5,2022-11-26
1062,165,65,3,2022-11-27
1063,257,87,2,2022-11-28
1064,165,78,1,2022-11-29
1065,334,58,3,2022-11-30
1066,318,68,7,2022-12-01
1067,497,51,4,2022-12-02
1068,474,25,10,2022-12-03
1069,325,23,3,2022-12-04
1070,439,41,1,2022-12-05
1071,480,53,5,2022-12-06
1072,343,32,3,2022-12-07
1073,330,4,7,2022-12-08
1074,372,6,4,2022-12-09
1075,496,13,2,2022-12-10
1076,495,96,10,2022-12-11
1077,39,77,6,2022-12-12
1078,286,12,3,2022-12-13
1079,130,41,8,2022-12-14
1080,205,79,1,2022-12-15
1081,137,52,10,2022-12-16
1082,178,81,8,2022-12-17
1083,459,67,9,2022-12-18
1084,102,76,2,2022-12-19
1085,107,1,8,2022-12-20
1086,365,37,10,2022-12-21
1087,135,38,5,2022-12-22
1088,393,77,2,2022-12-23
1089,57,39,4,2022-12-24
1090,6,78,9,2022-12-25
1091,75,23,7,2022-12-26
1092,457,39,7,2022-12-27
1093,296,8,6,2022-12-28
1094,37,98,8,2022-12-29
1095,227,85,8,2022-12-30
1096,124,74,7,2022-12-31
1097,137,53,10,2023-01-01
1098,394,92,4,2023-01-02
1099,146,91,6,2023-01-03
1100,423,3,5,2023-01-04
1101,54,9,5,2023-01-05
1102,245,12,9,2023-01-06
1103,436,45,8,2023-01-07
1104,162,30,3,2023-01-08
1105,3,42,10,2023-01-09
1106,482,61,6,2023-01-10
1107,470,60,10,2023-01-11
1108,160,24,6,2023-01-12
1109,377,39,3,2023-01-13
1110,81,97,7,2023-01-14
1111,53,85,2,2023-01-15
1112,280,55,5,2023-01-16
1113,366,32,5,2023-01-17
1114,138,97,1,2023-01-18
1115,359,25,9,2023-01-19
1116,273,11,7,2023-01-20
1117,61,27,2,2023-01-21
1118,89,78,10,2023-01-22
1119,172,84,3,2023-01-23
1120,458,14,6,2023-01-24
1121,92,84,7,2023-01-25
1122,99,96,4,2023-01-26
1123,129,62,8,2023-01-27
1124,425,85,5,2023-01-28
1125,171,66,10,2023-01-29
1126,204,27,8,2023-01-30
1127,483,19,9,2023-01-31
1128,325,17,5,2023-02-01
1129,144,72,7,2023-02-02
1130,207,23,7,2023-02-03
1131,342,76,2,2023-02-04
1132,39,91,9,2023-02-05
1133,162,88,9,2023-02-06
1134,338,66,1,2023-02-07
1135,454,32,10,2023-02-08
1136,30,16,8,2023-02-09
1137,257,51,2,2023-02-10
1138,244,100,1,2023-02-11
1139,21,87,4,2023-02-12
1140,456,84,9,2023-02-13
1141,238,28,6,2023-02-14
1142,83,66,9,2023-02-15
1143,13,60,1,2023-02-16
1144,416,12,9,2023-02-17
1145,493,94,6,2023-02-18
1146,307,81,1,2023-02-19
1147,241,30,6,2023-02-20
1148,225,59,1,2023-02-21
1149,479,18,10,2023-02-22
1150,307,22,5,2023-02-23
1151,95,8,1,2023-02-24
1152,371,28,4,2023-02-25
1153,293,8,6,2023-02-26
1154,41,72,8,2023-02-27
1155,183,28,2,2023-02-28
1156,47,26,5,2023-03-01
1157,399,4,6,2023-03-02
1158,41,41,3,2023-03-03
1159,283,88,7,2023-03-04
1160,341,48,6,2023-03-05
1161,172,69,1,2023-03-06
1162,63,87,3,2023-03-07
1163,175,74,3,2023-03-08
1164,123,58,2,2023-03-09
1165,322,24,1,2023-03-10
1166,435,71,4,2023-03-11
1167,317,34,5,2023-03-12
1168,317,76,2,2023-03-13
1169,393,78,8,2023-03-14
1170,210,2,1,2023-03-15
1171,56,63,8,2023-03-16
1172,45,15,6,2023-03-17
1173,354,46,4,2023-03-18
1174,289,21,7,2023-03-19
1175,88,57,3,2023-03-20
1176,132,68,2,2023-03-21
1177,135,3,8,2023-03-22
1178,259,27,10,2023-03-23
1179,84,83,3,2023-03-24
1180,308,82,7,2023-03-25
1181,208,2,8,2023-03-26
1182,143,53,5,2023-03-27
1183,345,21,10,2023-03-28
1184,295,23,8,2023-03-29
1185,6,89,10,2023-03-30
1186,353,6,6,2023-03-31
1187,204,85,5,2023-04-01
1188,482,48,7,2023-04-02
1189,492,34,3,2023-04-03
1190,448,60,3,2023-04-04
1191,20,88,1,2023-04-05
1192,32,64,1,2023-04-06
1193,299,76,2,2023-04-07
1194,267,45,3,2023-04-08
1195,45,6,6,2023-04-09
1196,488,52,2,2023-04-10
1197,144,24,4,2023-04-11
1198,24,67,9,2023-04-12
1199,64,19,2,2023-04-13
1200,206,42,5,2023-04-14
1201,221,9,2,2023-04-15
1202,230,98,1,2023-04-16
1203,302,64,2,2023-04-17
1204,7,81,2,2023-04-18
1205,172,41,3,2023-04-19
1206,374,9,8,2023-04-20
1207,50,25,4,2023-04-21
1208,468,22,3,2023-04-22
1209,446,15,2,2023-04-23
1210,249,46,4,2023-04-24
1211,369,100,1,2023-04-25
1212,145,55,1,2023-04-26
1213,323,32,3,2023-04-27
1214,350,10,8,2023-04-28
1215,249,92,3,2023-04-29
1216,11,89,9,2023-04-30
1217,139,32,3,2023-05-01
1218,284,94,2,2023-05-02
1219,356,67,9,2023-05-03
1220,280,23,2,2023-05-04
1221,242,55,10,2023-05-05
1222,59,80,5,2023-05-06
1223,203,21,4,2023-05-07
1224,337,31,3,2023-05-08
1225,258,3,6,2023-05-09
1226,351,100,1,2023-05-10
1227,399,62,2,2023-05-11
1228,387,35,4,2023-05-12
1229,447,18,10,2023-05-13
1230,100,67,8,2023-05-14
1231,251,59,8,2023-05-15
1232,198,34,10,2023-05-16
1233,173,23,10,2023-05-17
1234,328,34,2,2023-05-18
1235,365,73,8,2023-05-19
1236,204,77,1,2023-05-20
1237,421,50,1,2023-05-21
1238,141,37,1,2023-05-22
1239,188,90,7,2023-05-23
1240,374,59,6,2023-05-24
1241,248,80,8,2023-05-25
1242,438,11,4,2023-05-26
1243,353,5,6,2023-05-27
1244,454,28,6,2023-05-28
1245,155,61,6,2023-05-29
1246,108,13,4,2023-05-30
1247,225,75,7,2023-05-31
1248,395,10,3,2023-06-01
1249,472,20,4,2023-06-02
1250,353,21,8,2023-06-03
1251,341,22,8,2023-06-04
1252,400,33,9,2023-06-05
1253,172,75,6,2023-06-06
1254,102,96,10,2023-06-07
1255,378,64,2,2023-06-08
1256,213,99,4,2023-06-09
1257,278,57,9,2023-06-10
1258,50,55,9,2023-06-11
1259,284,8,1,2023-06-12
1260,134,4,4,2023-06-13
1261,73,46,1,2023-06-14
1262,416,41,3,2023-06-15
1263,478,22,3,2023-06-16
1264,397,27,8,2023-06-17
1265,380,10,8,2023-06-18
1266,467,24,4,2023-06-19
1267,307,80,9,2023-06-20
1268,9,32,5,2023-06-21
1269,121,5,9,2023-06-22
1270,226,61,5,2023-06-23
1271,33,15,3,2023-06-24
1272,32,55,9,2023-06-25
1273,207,72,2,2023-06-26
1274,480,19,9,2023-06-27
1275,13,56,6,2023-06-28
1276,36,12,1,2023-06-29
1277,240,20,5,2023-06-30
1278,227,7,2,2023-07-01
1279,276,11,6,2023-07-02
1280,226,71,3,2023-07-03
1281,21,64,3,2023-07-04
1282,415,50,2,2023-07-05
1283,20,67,3,2023-07-06
1284,427,76,9,2023-07-07
1285,481,25,1,2023-07-08
1286,247,65,10,2023-07-09
1287,55,53,4,2023-07-10
1288,75,79,7,2023-07-11
1289,24,45,6,2023-07-12
1290,118,78,4,2023-07-13
1291,164,1,7,2023-07-14
1292,186,98,5,2023-07-15
1293,23,68,7,2023-07-16
1294,134,29,3,2023-07-17
1295,293,92,2,2023-07-18
1296,320,43,3,2023-07-19
1297,264,83,1,2023-07-20
1298,338,57,5,2023-07-21
1299,374,98,6,2023-07-22
1300,332,98,6,2023-07-23
1301,205,99,2,2023-07-24
1302,433,12,8,2023-07-25
1303,86,6,6,2023-07-26
1304,120,26,9,2023-07-27
1305,169,85,8,2023-07-28
1306,477,26,8,2023-07-29
1307,455,92,2,2023-07-30
1308,201,68,9,2023-07-31
1309,356,77,7,2023-08-01
1310,454,55,3,2023-08-02
1311,36,79,10,2023-08-03
1312,478,18,9,2023-08-04
1313,413,45,7,2023-08-05
1314,352,80,2,2023-08-06
1315,190,18,1,2023-08-07
1316,273,93,10,2023-08-08
1317,231,70,1,2023-08-09
1318,292,92,9,2023-08-10
1319,123,28,6,2023-08-11
1320,130,69,1,2023-08-12
1321,430,46,1,2023-08-13
1322,180,56,9,2023-08-14
1323,264,57,1,2023-08-15
1324,265,10,4,2023-08-16
1325,357,63,1,2023-08-17
1326,40,52,2,2023-08-18
1327,28,34,7,2023-08-19
1328,182,29,5,2023-08-20
1329,218,35,10,2023-08-21
1330,469,86,8,2023-08-22
1331,438,31,2,2023-08-23
1332,433,71,10,2023-08-24
1333,183,90,1,2023-08-25
1334,191,64,3,2023-08-26
1335,455,98,6,2023-08-27
1336,284,52,3,2023-08-28
1337,353,81,8,2023-08-29
1338,340,21,9,2023-08-30
1339,370,11,9,2023-08-31
1340,55,87,10,2023-09-01
1341,496,12,4,2023-09-02
1342,124,38,10,2023-09-03
1343,273,82,5,2023-09-04
1344,421,87,4,2023-09-05
1345,292,94,5,2023-09-06
1346,43,5,5,2023-09-07
1347,156,98,3,2023-09-08
1348,199,32,8,2023-09-09
1349,459,55,10,2023-09-10
1350,481,39,7,2023-09-11
1351,247,94,10,2023-09-12
1352,206,63,7,2023-09-13
1353,66,75,5,2023-09-14
1354,448,12,1,2023-09-15
1355,240,12,1,2023-09-16
1356,306,76,10,2023-09-17
1357,297,77,4,2023-09-18
1358,49,45,1,2023-09-19
1359,458,41,9,2023-09-20
1360,22,21,10,2023-09-21
1361,280,91,3,2023-09-22
1362,124,3,4,2023-09-23
1363,478,59,5,2023-09-24
1364,489,56,4,2023-09-25
1365,381,43,1,2023-09-26
1366,398,93,10,2023-09-27
1367,142,68,8,2023-09-28
1368,106,88,8,2023-09-29
1369,443,90,8,2023-09-30
1370,225,43,2,2023-10-01
1371,331,63,1,2023-10-02
1372,472,98,5,2023-10-03
1373,183,21,4,2023-10-04
1374,9,46,3,2023-10-05
1375,418,40,5,2023-10-06
1376,325,1,3,2023-10-07
1377,469,17,8,2023-10-08
1378,46,77,4,2023-10-09
1379,346,91,1,2023-10-10
1380,104,16,3,2023-10-11
1381,374,4,10,2023-10-12
1382,17,81,7,2023-10-13
1383,449,79,1,2023-10-14
1384,470,26,6,2023-10-15
1385,319,19,8,2023-10-16
1386,367,69,8,2023-10-17
1387,392,85,4,2023-10-18
1388,193,30,6,2023-10-19
1389,70,61,7,2023-10-20
1390,37,97,1,2023-10-21
1391,166,46,4,2023-10-22
1392,346,96,10,2023-10-23
1393,353,2,2,2023-10-24
1394,349,56,8,2023-10-25
1395,461,1,1,2023-10-26
1396,68,26,5,2023-10-27
1397,173,62,3,2023-10-28
1398,334,14,7,2023-10-29
1399,205,30,8,2023-10-30
1400,23,100,9,2023-10-31
1401,75,96,10,2023-11-01
1402,259,73,5,2023-11-02
1403,121,16,5,2023-11-03
1404,221,61,4,2023-11-04
1405,106,19,1,2023-11-05
1406,493,91,5,2023-11-06
1407,265,4,1,2023-11-07
1408,237,21,4,2023-11-08
1409,417,23,5,2023-11-09
1410,88,39,1,2023-11-10
1411,291,49,4,2023-11-11
1412,478,31,6,2023-11-12
1413,458,88,8,2023-11-13
1414,36,3,8,2023-11-14
1415,409,53,7,2023-11-15
1416,395,53,10,2023-11-16
1417,458,95,4,2023-11-17
1418,189,86,6,2023-11-18
1419,415,61,6,2023-11-19
1420,453,76,6,2023-11-20
1421,492,3,8,2023-11-21
1422,240,32,6,2023-11-22
1423,473,33,3,2023-11-23
1424,219,71,6,2023-11-24
1425,27,70,9,2023-11-25
1426,6,17,5,2023-11-26
1427,208,69,2,2023-11-27
1428,318,8,6,2023-11-28
1429,497,78,2,2023-11-29
1430,376,67,9,2023-11-30
1431,454,8,8,2023-12-01
1432,331,50,9,2023-12-02
1433,244,82,2,2023-12-03
1434,343,11,8,2023-12-04
1435,278,24,1,2023-12-05
1436,438,29,3,2023-12-06
1437,263,41,1,2023-12-07
1438,14,92,9,2023-12-08
1439,176,65,10,2023-12-09
1440,361,58,8,2023-12-10
1441,344,80,6,2023-12-11
1442,485,98,6,2023-12-12
1443,158,20,1,2023-12-13
1444,471,63,4,2023-12-14
1445,84,73,1,2023-12-15
1446,482,24,10,2023-12-16
1447,38,33,3,2023-12-17
1448,31,67,3,2023-12-18
1449,462,97,10,2023-12-19
1450,491,35,8,2023-12-20
1451,288,69,5,2023-12-21
1452,6,39,2,2023-12-22
1453,406,61,1,2023-12-23
1454,435,87,5,2023-12-24
1455,16,93,7,2023-12-25
1456,255,66,5,2023-12-26
1457,84,99,1,2023-12-27
1458,85,47,7,2023-12-28
1459,466,33,3,2023-12-29
1460,365,87,3,2023-12-30
1461,316,49,4,2023-12-31
1462,208,100,8,2024-01-01
1463,468,75,2,2024-01-02
1464,354,66,7,2024-01-03
1465,270,37,10,2024-01-04
1466,82,49,4,2024-01-05
1467,411,71,2,2024-01-06
1468,15,11,2,2024-01-07
1469,243,57,9,2024-01-08
1470,364,62,8,2024-01-09
1471,328,66,5,2024-01-10
1472,378,50,1,2024-01-11
1473,162,43,6,2024-01-12
1474,24,5,5,2024-01-13
1475,414,36,3,2024-01-14
1476,300,22,10,2024-01-15
1477,4,51,10,2024-01-16
1478,36,1,6,2024-01-17
1479,315,84,8,2024-01-18
1480,310,88,1,2024-01-19
1481,480,40,6,2024-01-20
1482,140,25,6,2024-01-21
1483,143,75,1,2024-01-22
1484,220,13,6,2024-01-23
1485,495,83,1,2024-01-24
1486,227,26,1,2024-01-25
1487,344,35,8,2024-01-26
1488,268,89,4,2024-01-27
1489,88,41,4,2024-01-28
1490,256,2,8,2024-01-29
1491,6,84,6,2024-01-30
1492,439,9,2,2024-01-31
1493,242,15,4,2024-02-01
1494,155,28,2,2024-02-02
1495,403,54,10,2024-02-03
1496,308,70,10,2024-02-04
1497,494,73,6,2024-02-05
1498,219,72,9,2024-02-06
1499,342,91,6,2024-02-07
1500,421,42,1,2024-02-08
1501,24,65,7,2024-02-09
1502,427,24,5,2024-02-10
1503,139,16,4,2024-02-11
1504,309,25,1,2024-02-12
1505,388,2,9,2024-02-13
1506,235,1,1,2024-02-14
1507,420,74,2,2024-02-15
1508,408,95,6,2024-02-16
1509,87,64,8,2024-02-17
1510,203,94,7,2024-02-18
1511,495,69,1,2024-02-19
1512,209,34,4,2024-02-20
1513,199,91,1,2024-02-21
1514,178,63,7,2024-02-22
1515,360,47,2,2024-02-23
1516,24,36,8,2024-02-24
1517,361,41,7,2024-02-25
1518,222,68,4,2024-02-26
1519,150,76,8,2024-02-27
1520,143,77,2,2024-02-28
1521,377,54,3,2024-02-29
1522,422,98,8,2024-03-01
1523,14,94,3,2024-03-02
1524,150,42,7,2024-03-03
1525,423,88,2,2024-03-04
1526,272,26,10,2024-03-05
1527,462,56,10,2024-03-06
1528,405,31,7,2024-03-07
1529,164,4,7,2024-03-08
1530,486,92,7,2024-03-09
1531,279,61,1,2024-03-10
1532,89,23,1,2024-03-11
1533,378,37,10,2024-03-12
1534,177,44,8,2024-03-13
1535,289,11,9,2024-03-14
1536,64,88,8,2024-03-15
1537,63,91,2,2024-03-16
1538,141,67,4,2024-03-17
1539,212,83,9,2024-03-18
1540,361,16,2,2024-03-19
1541,249,84,2,2024-03-20
1542,312,39,5,2024-03-21
1543,465,88,7,2024-03-22
1544,39,65,1,2024-03-23
1545,452,70,10,2024-03-24
1546,91,3,9,2024-03-25
1547,287,51,9,2024-03-26
1548,315,81,1,2024-03-27
1549,155,10,6,2024-03-28
1550,294,63,5,2024-03-29
1551,93,20,10,2024-03-30
1552,218,64,1,2024-03-31
1553,281,35,5,2024-04-01
1554,208,3,3,2024-04-02
1555,370,3,2,2024-04-03
1556,370,48,7,2024-04-04
1557,186,26,3,2024-04-05
1558,353,74,9,2024-04-06
1559,450,16,2,2024-04-07
1560,163,93,6,2024-04-08
1561,30,43,6,2024-04-09
1562,140,80,6,2024-04-10
1563,7,65,7,2024-04-11
1564,120,99,10,2024-04-12
1565,115,76,5,2024-04-13
1566,286,55,6,2024-04-14
1567,276,6,4,2024-04-15
1568,483,11,10,2024-04-16
1569,32,49,3,2024-04-17
1570,247,61,5,2024-04-18
1571,330,21,7,2024-04-19
1572,431,87,2,2024-04-20
1573,92,61,9,2024-04-21
1574,140,52,10,2024-04-22
1575,288,93,8,2024-04-23
1576,109,79,7,2024-04-24
1577,437,61,5,2024-04-25
1578,146,23,3,2024-04-26
1579,467,24,8,2024-04-27
1580,140,23,8,2024-04-28
1581,43,32,1,2024-04-29
1582,25,1,7,2024-04-30
1583,400,55,4,2024-05-01
1584,133,19,10,2024-05-02
1585,124,45,8,2024-05-03
1586,424,54,8,2024-05-04
1587,224,37,2,2024-05-05
1588,361,65,10,2024-05-06
1589,162,34,4,2024-05-07
1590,433,80,6,2024-05-08
1591,371,3,8,2024-05-09
1592,361,14,1,2024-05-10
1593,78,74,9,2024-05-11
1594,305,93,10,2024-05-12
1595,428,39,5,2024-05-13
1596,269,35,1,2024-05-14
1597,298,49,9,2024-05-15
1598,19,6,8,2024-05-16
1599,214,10,1,2024-05-17
1600,173,8,8,2024-05-18
1601,225,83,4,2024-05-19
1602,496,31,2,2024-05-20
1603,148,45,4,2024-05-21
1604,256,86,8,2024-05-22
1605,257,65,6,2024-05-23
1606,369,97,6,2024-05-24
1607,220,81,5,2024-05-25
1608,328,91,5,2024-05-26
1609,169,95,4,2024-05-27
1610,413,20,8,2024-05-28
1611,87,30,9,2024-05-29
1612,287,15,3,2024-05-30
1613,37,39,8,2024-05-31
1614,44,20,10,2024-06-01
1615,248,18,9,2024-06-02
1616,346,88,1,2024-06-03
1617,421,1,3,2024-06-04
1618,62,75,6,2024-06-05
1619,372,26,10,2024-06-06
1620,237,14,6,2024-06-07
1621,183,70,7,2024-06-08
1622,257,56,1,2024-06-09
1623,376,74,5,2024-06-10
1624,260,60,5,2024-06-11
1625,303,4,1,2024-06-12
1626,140,61,7,2024-06-13
1627,35,96,9,2024-06-14
1628,320,80,8,2024-06-15
1629,365,14,6,2024-06-16
1630,439,83,9,2024-06-17
1631,34,29,8,2024-06-18
1632,154,15,9,2024-06-19
1633,342,83,1,2024-06-20
1634,452,95,4,2024-06-21
1635,308,64,10,2024-06-22
1636,168,96,10,2024-06-23
1637,422,35,10,2024-06-24
1638,186,99,5,2024-06-25
1639,201,56,8,2024-06-26
1640,441,100,9,2024-06-27
1641,451,73,4,2024-06-28
1642,31,76,2,2024-06-29
1643,459,78,6,2024-06-30
1644,489,71,7,2024-07-01
1645,397,26,5,2024-07-02
1646,257,67,5,2024-07-03
1647,50,85,9,2024-07-04
1648,114,26,9,2024-07-05
1649,496,8,8,2024-07-06
1650,297,63,5,2024-07-07
1651,330,39,5,2024-07-08
1652,213,28,1,2024-07-09
1653,373,25,5,2024-07-10
1654,389,84,3,2024-07-11
1655,266,30,8,2024-07-12
1656,445,60,7,2024-07-13
1657,121,75,9,2024-07-14
1658,163,67,5,2024-07-15
1659,454,66,2,2024-07-16
1660,255,67,6,2024-07-17
1661,165,70,7,2024-07-18
1662,72,35,5,2024-07-19
1663,18,36,10,2024-07-20
1664,186,46,10,2024-07-21
1665,263,25,7,2024-07-22
1666,93,40,1,2024-07-23
1667,132,62,5,2024-07-24
1668,435,2,2,2024-07-25
1669,120,99,7,2024-07-26
1670,129,45,3,2024-07-27
1671,291,98,4,2024-07-28
1672,310,64,6,2024-07-29
1673,200,23,8,2024-07-30
1674,218,97,10,2024-07-31
1675,117,43,8,2024-08-01
1676,8,16,3,2024-08-02
1677,230,4,10,2024-08-03
1678,421,18,8,2024-08-04
1679,108,19,4,2024-08-05
1680,295,97,3,2024-08-06
1681,344,52,8,2024-08-07
1682,481,66,5,2024-08-08
1683,351,92,5,2024-08-09
1684,155,6,9,2024-08-10
1685,480,55,5,2024-08-11
1686,500,6,10,2024-08-12
1687,157,75,7,2024-08-13
1688,11,14,1,2024-08-14
1689,94,79,9,2024-08-15
1690,439,44,9,2024-08-16
1691,275,79,1,2024-08-17
1692,373,96,9,2024-08-18
1693,496,28,4,2024-08-19
1694,208,61,10,2024-08-20
1695,85,6,8,2024-08-21
1696,20,78,5,2024-08-22
1697,203,83,10,2024-08-23
1698,102,92,5,2024-08-24
1699,453,10,2,2024-08-25
1700,337,50,3,2024-08-26
1701,274,21,8,2024-08-27
1702,142,37,6,2024-08-28
1703,476,21,7,2024-08-29
1704,124,52,5,2024-08-30
1705,56,8,9,2024-08-31
1706,291,40,7,2024-09-01
1707,72,19,3,2024-09-02
1708,386,50,1,2024-09-03
1709,356,70,7,2024-09-04
1710,251,17,7,2024-09-05
1711,389,96,8,2024-09-06
1712,200,19,2,2024-09-07
1713,412,28,7,2024-09-08
1714,74,38,4,2024-09-09
1715,107,26,10,2024-09-10
1716,212,38,5,2024-09-11
1717,331,21,1,2024-09-12
1718,331,85,4,2024-09-13
1719,53,75,2,2024-09-14
1720,403,61,7,2024-09-15
1721,477,87,1,2024-09-16
1722,431,55,5,2024-09-17
1723,86,45,7,2024-09-18
1724,436,36,10,2024-09-19
1725,313,67,5,2024-09-20
1726,134,68,1,2024-09-21
1727,308,41,6,2024-09-22
1728,71,85,7,2024-09-23
1729,412,42,3,2024-09-24
1730,232,38,3,2024-09-25
1731,194,75,7,2024-09-26
1732,466,92,2,2024-09-27
1733,456,82,9,2024-09-28
1734,123,87,10,2024-09-29
1735,36,95,8,2024-09-30
1736,125,47,6,2024-10-01
1737,97,30,10,2024-10-02
1738,95,23,9,2024-10-03
1739,228,78,9,2024-10-04
1740,281,21,4,2024-10-05
1741,303,48,5,2024-10-06
1742,402,21,10,2024-10-07
1743,478,76,3,2024-10-08
1744,324,45,1,2024-10-09
1745,92,12,5,2024-10-10
1746,230,43,2,2024-10-11
1747,452,95,4,2024-10-12
1748,185,91,7,2024-10-13
1749,282,34,4,2024-10-14
1750,315,70,2,2024-10-15
1751,204,92,1,2024-10-16
1752,224,94,1,2024-10-17
1753,448,19,10,2024-10-18
1754,308,6,5,2024-10-19
1755,357,13,9,2024-10-20
1756,419,27,1,2024-10-21
1757,476,51,3,2024-10-22
1758,136,22,10,2024-10-23
1759,434,26,5,2024-10-24
1760,403,70,1,2024-10-25
1761,297,16,9,2024-10-26
1762,268,50,4,2024-10-27
1763,230,56,2,2024-10-28
1764,277,28,6,2024-10-29
1765,133,39,1,2024-10-30
1766,140,19,3,2024-10-31
1767,469,79,7,2024-11-01
1768,204,41,3,2024-11-02
1769,253,27,1,2024-11-03
1770,260,25,2,2024-11-04
1771,253,77,3,2024-11-05
1772,133,5,5,2024-11-06
1773,483,81,7,2024-11-07
1774,255,12,3,2024-11-08
1775,468,70,8,2024-11-09
1776,57,62,10,2024-11-10
1777,440,57,6,2024-11-11
1778,251,77,2,2024-11-12
1779,410,98,7,2024-11-13
1780,162,88,7,2024-11-14
1781,462,89,5,2024-11-15
1782,145,12,6,2024-11-16
1783,394,17,3,2024-11-17
1784,183,1,6,2024-11-18
1785,275,32,4,2024-11-19
1786,201,3,8,2024-11-20
1787,72,37,9,2024-11-21
1788,366,46,1,2024-11-22
1789,306,7,4,2024-11-23
1790,452,93,8,2024-11-24
1791,478,14,9,2024-11-25
1792,35,43,5,2024-11-26
1793,174,52,4,2024-11-27
1794,439,91,6,2024-11-28
1795,48,52,7,2024-11-29
1796,183,12,6,2024-11-30
1797,3,49,1,2024-12-01
1798,410,97,6,2024-12-02
1799,157,84,7,2024-12-03
1800,171,19,6,2024-12-04
1801,404,66,3,2024-12-05
1802,213,30,2,2024-12-06
1803,98,56,5,2024-12-07
1804,285,15,5,2024-12-08
1805,106,97,9,2024-12-09
1806,16,72,8,2024-12-10
1807,100,55,2,2024-12-11
1808,363,3,4,2024-12-12
1809,28,84,6,2024-12-13
1810,340,58,1,2024-12-14
1811,357,39,4,2024-12-15
1812,425,56,9,2024-12-16
1813,172,58,10,2024-12-17
1814,369,25,1,2024-12-18
1815,220,86,6,2024-12-19
1816,446,66,6,2024-12-20
1817,421,19,4,2024-12-21
1818,431,24,9,2024-12-22
1819,86,79,3,2024-12-23
1820,1,28,10,2024-12-24
1821,377,41,4,2024-12-25
1822,482,4,6,2024-12-26
1823,237,36,10,2024-12-27
1824,210,38,6,2024-12-28
1825,90,70,6,2024-12-29
1826,184,72,3,2024-12-30
1827,41,66,4,2024-12-31
1828,423,36,6,2025-01-01
1829,9,13,5,2025-01-02
1830,430,77,3,2025-01-03
1831,288,40,4,2025-01-04
1832,309,63,2,2025-01-05
1833,158,39,8,2025-01-06
1834,93,31,9,2025-01-07
1835,181,99,2,2025-01-08
1836,363,6,7,2025-01-09
1837,270,32,2,2025-01-10
1838,335,46,9,2025-01-11
1839,105,15,1,2025-01-12
1840,496,44,1,2025-01-13
1841,189,38,3,2025-01-14
1842,352,54,7,2025-01-15
1843,20,83,7,2025-01-16
1844,411,87,7,2025-01-17
1845,193,44,3,2025-01-18
1846,287,85,7,2025-01-19
1847,413,73,9,2025-01-20
1848,405,44,2,2025-01-21
1849,322,11,10,2025-01-22
1850,433,92,6,2025-01-23
1851,117,13,10,2025-01-24
1852,448,7,4,2025-01-25
1853,28,20,8,2025-01-26
1854,194,82,7,2025-01-27
1855,24,60,5,2025-01-28
1856,133,33,5,2025-01-29
1857,249,88,5,2025-01-30
1858,202,8,5,2025-01-31
1859,423,83,1,2025-02-01
1860,324,16,10,2025-02-02
1861,412,2,6,2025-02-03
1862,175,76,4,2025-02-04
1863,213,65,1,2025-02-05
1864,178,49,2,2025-02-06
1865,190,59,6,2025-02-07
1866,292,51,1,2025-02-08
1867,4,37,5,2025-02-09
1868,67,82,2,2025-02-10
1869,54,66,3,2025-02-11
1870,10,45,9,2025-02-12
1871,276,73,7,2025-02-13
1872,8,12,7,2025-02-14
1873,209,48,6,2025-02-15
1874,221,88,5,2025-02-16
1875,491,77,8,2025-02-17
1876,103,26,2,2025-02-18
1877,236,44,5,2025-02-19
1878,42,36,10,2025-02-20
1879,358,34,9,2025-02-21
1880,437,16,8,2025-02-22
1881,355,73,5,2025-02-23
1882,439,9,10,2025-02-24
1883,333,58,9,2025-02-25
1884,367,13,7,2025-02-26
1885,248,45,4,2025-02-27
1886,395,31,10,2025-02-28
1887,346,11,7,2025-03-01
1888,281,72,9,2025-03-02
1889,384,94,10,2025-03-03
1890,322,45,7,2025-03-04
1891,52,8,7,2025-03-05
1892,155,42,5,2025-03-06
1893,74,9,2,2025-03-07
1894,478,16,7,2025-03-08
1895,85,69,1,2025-03-09
1896,356,79,3,2025-03-10
1897,49,78,4,2025-03-11
1898,424,99,2,2025-03-12
1899,264,96,2,2025-03-13
1900,168,97,2,2025-03-14
1901,214,34,8,2025-03-15
1902,437,83,7,2025-03-16
1903,226,61,1,2025-03-17
1904,460,74,5,2025-03-18
1905,122,5,8,2025-03-19
1906,62,54,4,2025-03-20
1907,337,10,7,2025-03-21
1908,396,89,9,2025-03-22
1909,281,58,9,2025-03-23
1910,310,3,7,2025-03-24
1911,319,45,6,2025-03-25
1912,103,92,6,2025-03-26
1913,62,30,3,2025-03-27
1914,134,31,8,2025-03-28
1915,255,28,2,2025-03-29
1916,171,28,4,2025-03-30
1917,99,90,3,2025-03-31
1918,341,72,7,2025-04-01
1919,107,91,10,2025-04-02
1920,105,34,6,2025-04-03
1921,139,99,10,2025-04-04
1922,86,39,2,2025-04-05
1923,449,91,4,2025-04-06
1924,217,10,3,2025-04-07
1925,482,17,6,2025-04-08
1926,286,38,6,2025-04-09
1927,216,75,10,2025-04-10
1928,65,89,2,2025-04-11
1929,7,71,10,2025-04-12
1930,204,72,1,2025-04-13
1931,315,15,8,2025-04-14
1932,8,24,4,2025-04-15
1933,364,50,2,2025-04-16
1934,142,82,6,2025-04-17
1935,338,26,8,2025-04-18
1936,86,96,4,2025-04-19
1937,298,10,8,2025-04-20
1938,301,26,1,2025-04-21
1939,152,95,4,2025-04-22
1940,439,20,5,2025-04-23
1941,329,57,9,2025-04-24
1942,35,51,10,2025-04-25
1943,29,38,5,2025-04-26
1944,434,15,4,2025-04-27
1945,451,88,7,2025-04-28
1946,457,62,3,2025-04-29
1947,64,21,7,2025-04-30
1948,307,94,6,2025-05-01
1949,311,19,10,2025-05-02
1950,391,67,5,2025-05-03
1951,257,23,8,2025-05-04
1952,43,6,10,2025-05-05
1953,344,11,2,2025-05-06
1954,378,28,7,2025-05-07
1955,33,10,2,2025-05-08
1956,207,20,8,2025-05-09
1957,192,28,10,2025-05-10
1958,77,37,5,2025-05-11
1959,34,5,6,2025-05-12
1960,150,26,6,2025-05-13
1961,130,13,3,2025-05-14
1962,37,54,9,2025-05-15
1963,31,76,9,2025-05-16
1964,465,51,4,2025-05-17
1965,3,21,1,2025-05-18
1966,50,13,4,2025-05-19
1967,43,28,4,2025-05-20
1968,360,77,4,2025-05-21
1969,10,4,10,2025-05-22
1970,395,94,1,2025-05-23
1971,315,49,9,2025-05-24
1972,307,48,5,2025-05-25
1973,488,84,8,2025-05-26
1974,417,73,9,2025-05-27
1975,400,81,5,2025-05-28
1976,102,96,10,2025-05-29
1977,481,19,3,2025-05-30
1978,309,19,1,2025-05-31
1979,170,56,6,2025-06-01
1980,2,95,3,2025-06-02
1981,67,76,7,2025-06-03
1982,353,46,7,2025-06-04
1983,214,51,6,2025-06-05
1984,490,68,7,2025-06-06
1985,443,98,8,2025-06-07
1986,346,22,7,2025-06-08
1987,496,65,6,2025-06-09
1988,387,17,1,2025-06-10
1989,349,28,4,2025-06-11
1990,335,56,6,2025-06-12
1991,346,37,8,2025-06-13
1992,28,24,9,2025-06-14
1993,477,28,6,2025-06-15
1994,83,31,3,2025-06-16
1995,372,32,2,2025-06-17
1996,76,71,2,2025-06-18
1997,259,79,2,2025-06-19
1998,393,82,6,2025-06-20
1999,123,40,1,2025-06-21
2000,174,19,8,2025-06-22
