watch_id,user_id,movie_id,watch_date,watch_time_minutes
1,156,42,2021-01-01,50
2,76,4,2021-01-02,152
3,124,73,2021-01-03,73
4,377,68,2021-01-04,126
5,82,7,2021-01-05,79
6,469,90,2021-01-06,126
7,335,55,2021-01-07,49
8,97,62,2021-01-08,154
9,119,84,2021-01-09,47
10,237,90,2021-01-10,79
11,314,64,2021-01-11,45
12,6,13,2021-01-12,99
13,480,93,2021-01-13,109
14,428,88,2021-01-14,152
15,388,35,2021-01-15,40
16,237,49,2021-01-16,12
17,43,70,2021-01-17,117
18,158,89,2021-01-18,91
19,8,35,2021-01-19,72
20,201,81,2021-01-20,85
21,408,19,2021-01-21,55
22,145,63,2021-01-22,14
23,254,72,2021-01-23,105
24,148,47,2021-01-24,56
25,468,70,2021-01-25,30
26,450,69,2021-01-26,12
27,261,49,2021-01-27,61
28,383,87,2021-01-28,61
29,24,91,2021-01-29,71
30,90,48,2021-01-30,75
31,500,54,2021-01-31,111
32,432,58,2021-02-01,136
33,274,25,2021-02-02,41
34,16,99,2021-02-03,129
35,41,40,2021-02-04,11
36,374,64,2021-02-05,156
37,175,80,2021-02-06,35
38,130,81,2021-02-07,169
39,275,32,2021-02-08,53
40,408,44,2021-02-09,26
41,79,39,2021-02-10,64
42,344,79,2021-02-11,35
43,220,52,2021-02-12,128
44,302,94,2021-02-13,142
45,161,18,2021-02-14,140
46,80,34,2021-02-15,104
47,436,16,2021-02-16,93
48,34,94,2021-02-17,68
49,279,97,2021-02-18,134
50,130,64,2021-02-19,164
51,377,74,2021-02-20,170
52,85,62,2021-02-21,129
53,40,61,2021-02-22,148
54,370,70,2021-02-23,116
55,428,69,2021-02-24,21
56,91,11,2021-02-25,11
57,91,36,2021-02-26,45
58,311,81,2021-02-27,169
59,41,75,2021-02-28,50
60,15,47,2021-03-01,92
61,350,19,2021-03-02,127
62,92,82,2021-03-03,179
63,184,63,2021-03-04,177
64,14,12,2021-03-05,50
65,328,2,2021-03-06,48
66,95,59,2021-03-07,135
67,94,34,2021-03-08,129
68,397,2,2021-03-09,150
69,93,95,2021-03-10,105
70,396,90,2021-03-11,113
71,238,29,2021-03-12,84
72,401,21,2021-03-13,165
73,488,64,2021-03-14,94
74,386,18,2021-03-15,162
75,16,39,2021-03-16,159
76,420,41,2021-03-17,161
77,179,1,2021-03-18,114
78,125,48,2021-03-19,56
79,104,23,2021-03-20,68
80,200,46,2021-03-21,36
81,445,18,2021-03-22,143
82,342,39,2021-03-23,125
83,357,18,2021-03-24,140
84,418,61,2021-03-25,96
85,79,49,2021-03-26,147
86,202,98,2021-03-27,28
87,476,62,2021-03-28,82
88,202,74,2021-03-29,104
89,145,60,2021-03-30,35
90,367,38,2021-03-31,45
91,254,31,2021-04-01,117
92,152,67,2021-04-02,63
93,446,25,2021-04-03,128
94,414,1,2021-04-04,88
95,261,15,2021-04-05,165
96,103,76,2021-04-06,113
97,281,48,2021-04-07,50
98,137,39,2021-04-08,122
99,360,91,2021-04-09,164
100,427,80,2021-04-10,52
101,242,53,2021-04-11,13
102,26,9,2021-04-12,141
103,118,2,2021-04-13,44
104,125,65,2021-04-14,54
105,357,44,2021-04-15,102
106,221,37,2021-04-16,178
107,254,1,2021-04-17,56
108,148,99,2021-04-18,73
109,252,72,2021-04-19,90
110,4,79,2021-04-20,10
111,107,70,2021-04-21,24
112,450,74,2021-04-22,51
113,347,16,2021-04-23,65
114,281,47,2021-04-24,20
115,231,80,2021-04-25,19
116,334,54,2021-04-26,95
117,406,33,2021-04-27,60
118,99,46,2021-04-28,146
119,137,12,2021-04-29,95
120,108,2,2021-04-30,170
121,242,4,2021-05-01,161
122,439,15,2021-05-02,144
123,79,75,2021-05-03,78
124,417,75,2021-05-04,41
125,139,97,2021-05-05,22
126,189,51,2021-05-06,25
127,71,46,2021-05-07,147
128,242,60,2021-05-08,26
129,238,6,2021-05-09,179
130,52,65,2021-05-10,50
131,165,44,2021-05-11,26
132,357,18,2021-05-12,65
133,195,12,2021-05-13,48
134,214,21,2021-05-14,93
135,261,40,2021-05-15,151
136,343,16,2021-05-16,172
137,191,85,2021-05-17,65
138,38,89,2021-05-18,162
139,305,53,2021-05-19,121
140,29,81,2021-05-20,13
141,137,29,2021-05-21,179
142,464,82,2021-05-22,77
143,59,14,2021-05-23,41
144,71,92,2021-05-24,55
145,455,15,2021-05-25,79
146,92,25,2021-05-26,55
147,97,71,2021-05-27,154
148,285,3,2021-05-28,120
149,496,42,2021-05-29,83
150,134,94,2021-05-30,159
151,298,45,2021-05-31,16
152,209,98,2021-06-01,115
153,474,7,2021-06-02,59
154,133,88,2021-06-03,40
155,491,52,2021-06-04,49
156,304,78,2021-06-05,81
157,477,68,2021-06-06,27
158,220,31,2021-06-07,93
159,495,66,2021-06-08,45
160,301,85,2021-06-09,73
161,256,52,2021-06-10,39
162,317,22,2021-06-11,160
163,236,22,2021-06-12,77
164,126,100,2021-06-13,148
165,321,93,2021-06-14,176
166,435,79,2021-06-15,126
167,436,81,2021-06-16,156
168,481,78,2021-06-17,108
169,287,31,2021-06-18,147
170,167,95,2021-06-19,76
171,20,39,2021-06-20,53
172,292,43,2021-06-21,101
173,427,93,2021-06-22,55
174,309,21,2021-06-23,16
175,452,4,2021-06-24,75
176,488,8,2021-06-25,10
177,118,3,2021-06-26,32
178,253,87,2021-06-27,64
179,116,22,2021-06-28,70
180,346,26,2021-06-29,69
181,313,24,2021-06-30,44
182,135,85,2021-07-01,73
183,242,9,2021-07-02,34
184,301,21,2021-07-03,101
185,457,76,2021-07-04,132
186,162,76,2021-07-05,160
187,234,97,2021-07-06,40
188,119,47,2021-07-07,25
189,82,11,2021-07-08,29
190,121,93,2021-07-09,172
191,248,38,2021-07-10,47
192,36,54,2021-07-11,92
193,248,98,2021-07-12,26
194,474,19,2021-07-13,109
195,459,13,2021-07-14,119
196,186,28,2021-07-15,149
197,372,37,2021-07-16,121
198,220,24,2021-07-17,102
199,153,58,2021-07-18,14
200,469,74,2021-07-19,130
201,254,30,2021-07-20,84
202,213,56,2021-07-21,134
203,163,82,2021-07-22,108
204,354,41,2021-07-23,87
205,203,52,2021-07-24,105
206,381,80,2021-07-25,80
207,217,44,2021-07-26,141
208,189,14,2021-07-27,160
209,282,22,2021-07-28,11
210,323,56,2021-07-29,13
211,213,90,2021-07-30,51
212,40,12,2021-07-31,93
213,212,21,2021-08-01,19
214,206,17,2021-08-02,34
215,124,14,2021-08-03,75
216,48,27,2021-08-04,75
217,131,6,2021-08-05,22
218,362,79,2021-08-06,55
219,217,1,2021-08-07,138
220,294,2,2021-08-08,77
221,60,61,2021-08-09,63
222,208,30,2021-08-10,159
223,402,45,2021-08-11,93
224,283,36,2021-08-12,144
225,495,61,2021-08-13,61
226,481,26,2021-08-14,102
227,186,100,2021-08-15,156
228,426,34,2021-08-16,110
229,447,89,2021-08-17,17
230,236,65,2021-08-18,105
231,256,16,2021-08-19,165
232,407,23,2021-08-20,146
233,183,23,2021-08-21,100
234,56,31,2021-08-22,82
235,460,38,2021-08-23,21
236,390,46,2021-08-24,26
237,51,34,2021-08-25,49
238,293,52,2021-08-26,144
239,390,79,2021-08-27,82
240,340,42,2021-08-28,38
241,371,89,2021-08-29,41
242,206,20,2021-08-30,31
243,203,96,2021-08-31,42
244,74,23,2021-09-01,104
245,10,69,2021-09-02,76
246,149,69,2021-09-03,159
247,415,80,2021-09-04,59
248,138,20,2021-09-05,46
249,75,73,2021-09-06,41
250,428,59,2021-09-07,15
251,433,42,2021-09-08,73
252,75,15,2021-09-09,100
253,194,9,2021-09-10,155
254,32,61,2021-09-11,48
255,31,27,2021-09-12,139
256,214,40,2021-09-13,93
257,332,5,2021-09-14,151
258,139,99,2021-09-15,33
259,242,22,2021-09-16,58
260,444,48,2021-09-17,52
261,283,83,2021-09-18,83
262,282,69,2021-09-19,155
263,58,55,2021-09-20,12
264,413,71,2021-09-21,53
265,159,25,2021-09-22,30
266,383,20,2021-09-23,167
267,191,87,2021-09-24,111
268,238,83,2021-09-25,179
269,321,5,2021-09-26,32
270,412,85,2021-09-27,92
271,39,98,2021-09-28,100
272,186,76,2021-09-29,81
273,158,9,2021-09-30,41
274,125,75,2021-10-01,131
275,173,87,2021-10-02,103
276,122,43,2021-10-03,53
277,434,48,2021-10-04,12
278,8,1,2021-10-05,24
279,153,91,2021-10-06,156
280,89,86,2021-10-07,86
281,404,29,2021-10-08,57
282,210,75,2021-10-09,16
283,169,19,2021-10-10,100
284,225,52,2021-10-11,51
285,250,43,2021-10-12,128
286,288,29,2021-10-13,35
287,267,74,2021-10-14,117
288,208,91,2021-10-15,13
289,152,66,2021-10-16,15
290,208,1,2021-10-17,19
291,36,22,2021-10-18,139
292,324,16,2021-10-19,169
293,333,67,2021-10-20,57
294,322,45,2021-10-21,163
295,42,51,2021-10-22,39
296,453,60,2021-10-23,127
297,348,9,2021-10-24,56
298,342,79,2021-10-25,123
299,52,14,2021-10-26,63
300,78,63,2021-10-27,133
301,484,83,2021-10-28,89
302,499,58,2021-10-29,111
303,198,34,2021-10-30,127
304,28,96,2021-10-31,149
305,146,91,2021-11-01,69
306,283,70,2021-11-02,18
307,234,49,2021-11-03,57
308,351,23,2021-11-04,145
309,497,90,2021-11-05,135
310,159,8,2021-11-06,89
311,327,83,2021-11-07,118
312,472,84,2021-11-08,174
313,127,54,2021-11-09,146
314,265,55,2021-11-10,69
315,472,76,2021-11-11,174
316,38,44,2021-11-12,130
317,345,87,2021-11-13,171
318,146,93,2021-11-14,134
319,417,30,2021-11-15,138
320,211,54,2021-11-16,39
321,140,16,2021-11-17,91
322,434,15,2021-11-18,91
323,394,85,2021-11-19,15
324,289,83,2021-11-20,80
325,86,5,2021-11-21,18
326,380,83,2021-11-22,114
327,471,59,2021-11-23,132
328,357,20,2021-11-24,121
329,467,37,2021-11-25,176
330,385,29,2021-11-26,104
331,40,17,2021-11-27,38
332,245,40,2021-11-28,141
333,158,29,2021-11-29,38
334,6,16,2021-11-30,109
335,373,82,2021-12-01,48
336,253,34,2021-12-02,45
337,485,16,2021-12-03,99
338,488,72,2021-12-04,11
339,184,23,2021-12-05,108
340,277,19,2021-12-06,122
341,74,21,2021-12-07,83
342,40,23,2021-12-08,22
343,465,37,2021-12-09,98
344,270,30,2021-12-10,139
345,417,91,2021-12-11,37
346,360,33,2021-12-12,115
347,485,43,2021-12-13,26
348,69,49,2021-12-14,134
349,293,52,2021-12-15,179
350,145,87,2021-12-16,17
351,421,38,2021-12-17,60
352,437,20,2021-12-18,34
353,99,58,2021-12-19,19
354,461,89,2021-12-20,149
355,230,74,2021-12-21,152
356,365,53,2021-12-22,107
357,205,100,2021-12-23,173
358,40,21,2021-12-24,35
359,381,55,2021-12-25,99
360,304,27,2021-12-26,163
361,66,76,2021-12-27,145
362,434,39,2021-12-28,121
363,3,5,2021-12-29,171
364,297,13,2021-12-30,159
365,355,66,2021-12-31,163
366,294,74,2022-01-01,110
367,427,75,2022-01-02,95
368,115,73,2022-01-03,90
369,229,71,2022-01-04,135
370,167,4,2022-01-05,152
371,401,34,2022-01-06,19
372,72,2,2022-01-07,51
373,121,20,2022-01-08,40
374,477,72,2022-01-09,11
375,209,41,2022-01-10,75
376,207,52,2022-01-11,162
377,468,93,2022-01-12,98
378,353,26,2022-01-13,71
379,496,47,2022-01-14,86
380,281,23,2022-01-15,44
381,15,34,2022-01-16,147
382,185,30,2022-01-17,145
383,53,35,2022-01-18,49
384,381,40,2022-01-19,157
385,418,95,2022-01-20,13
386,159,30,2022-01-21,140
387,112,35,2022-01-22,82
388,180,75,2022-01-23,71
389,107,42,2022-01-24,30
390,280,90,2022-01-25,30
391,11,36,2022-01-26,131
392,40,28,2022-01-27,145
393,360,74,2022-01-28,83
394,313,87,2022-01-29,119
395,445,79,2022-01-30,46
396,395,51,2022-01-31,126
397,358,100,2022-02-01,70
398,39,91,2022-02-02,113
399,389,91,2022-02-03,76
400,261,90,2022-02-04,24
401,202,1,2022-02-05,125
402,401,24,2022-02-06,125
403,256,89,2022-02-07,97
404,459,64,2022-02-08,11
405,437,59,2022-02-09,97
406,33,47,2022-02-10,47
407,149,85,2022-02-11,67
408,309,7,2022-02-12,10
409,460,97,2022-02-13,83
410,10,3,2022-02-14,158
411,118,71,2022-02-15,58
412,32,70,2022-02-16,131
413,144,20,2022-02-17,83
414,159,69,2022-02-18,40
415,80,15,2022-02-19,153
416,427,83,2022-02-20,32
417,66,20,2022-02-21,122
418,353,38,2022-02-22,142
419,306,77,2022-02-23,58
420,359,44,2022-02-24,13
421,467,16,2022-02-25,21
422,138,11,2022-02-26,112
423,466,60,2022-02-27,46
424,379,76,2022-02-28,130
425,351,42,2022-03-01,85
426,463,37,2022-03-02,148
427,385,2,2022-03-03,56
428,35,26,2022-03-04,27
429,196,20,2022-03-05,60
430,437,75,2022-03-06,18
431,416,40,2022-03-07,25
432,242,68,2022-03-08,93
433,335,80,2022-03-09,177
434,31,28,2022-03-10,57
435,462,5,2022-03-11,179
436,278,5,2022-03-12,56
437,47,47,2022-03-13,103
438,97,16,2022-03-14,31
439,488,64,2022-03-15,143
440,45,74,2022-03-16,89
441,283,29,2022-03-17,116
442,350,97,2022-03-18,123
443,436,66,2022-03-19,109
444,467,28,2022-03-20,155
445,85,53,2022-03-21,67
446,221,4,2022-03-22,132
447,390,39,2022-03-23,151
448,149,56,2022-03-24,110
449,465,89,2022-03-25,147
450,314,49,2022-03-26,106
451,313,91,2022-03-27,85
452,137,29,2022-03-28,180
453,35,78,2022-03-29,15
454,404,70,2022-03-30,121
455,427,73,2022-03-31,76
456,54,12,2022-04-01,65
457,150,9,2022-04-02,175
458,175,22,2022-04-03,130
459,4,10,2022-04-04,24
460,160,99,2022-04-05,107
461,166,15,2022-04-06,163
462,303,65,2022-04-07,166
463,492,2,2022-04-08,26
464,68,36,2022-04-09,143
465,95,73,2022-04-10,85
466,336,15,2022-04-11,14
467,223,62,2022-04-12,154
468,103,29,2022-04-13,116
469,401,63,2022-04-14,19
470,53,2,2022-04-15,19
471,108,47,2022-04-16,163
472,44,32,2022-04-17,129
473,193,63,2022-04-18,110
474,129,17,2022-04-19,21
475,9,86,2022-04-20,43
476,485,83,2022-04-21,43
477,183,43,2022-04-22,157
478,45,97,2022-04-23,138
479,160,15,2022-04-24,154
480,488,4,2022-04-25,17
481,402,11,2022-04-26,92
482,295,23,2022-04-27,87
483,168,12,2022-04-28,148
484,452,17,2022-04-29,99
485,381,35,2022-04-30,97
486,122,60,2022-05-01,44
487,48,36,2022-05-02,48
488,255,85,2022-05-03,46
489,76,37,2022-05-04,70
490,80,11,2022-05-05,120
491,438,14,2022-05-06,70
492,170,58,2022-05-07,101
493,51,73,2022-05-08,125
494,295,75,2022-05-09,30
495,427,98,2022-05-10,158
496,80,35,2022-05-11,117
497,53,45,2022-05-12,31
498,121,39,2022-05-13,111
499,117,28,2022-05-14,82
500,177,93,2022-05-15,67
501,357,50,2022-05-16,33
502,266,2,2022-05-17,166
503,455,11,2022-05-18,120
504,332,56,2022-05-19,88
505,197,10,2022-05-20,37
506,147,86,2022-05-21,139
507,264,5,2022-05-22,167
508,16,28,2022-05-23,48
509,300,77,2022-05-24,50
510,134,73,2022-05-25,109
511,238,94,2022-05-26,22
512,273,69,2022-05-27,130
513,180,99,2022-05-28,60
514,29,84,2022-05-29,133
515,266,85,2022-05-30,76
516,474,69,2022-05-31,60
517,124,69,2022-06-01,151
518,365,76,2022-06-02,75
519,135,96,2022-06-03,35
520,103,16,2022-06-04,43
521,254,89,2022-06-05,108
522,224,40,2022-06-06,75
523,209,2,2022-06-07,130
524,477,61,2022-06-08,35
525,417,8,2022-06-09,145
526,337,63,2022-06-10,50
527,128,18,2022-06-11,75
528,344,99,2022-06-12,155
529,312,55,2022-06-13,113
530,455,42,2022-06-14,178
531,179,2,2022-06-15,139
532,328,95,2022-06-16,12
533,252,81,2022-06-17,39
534,87,81,2022-06-18,139
535,281,97,2022-06-19,70
536,126,25,2022-06-20,44
537,55,13,2022-06-21,122
538,222,50,2022-06-22,17
539,290,55,2022-06-23,148
540,288,79,2022-06-24,154
541,315,2,2022-06-25,66
542,493,76,2022-06-26,101
543,429,36,2022-06-27,148
544,272,30,2022-06-28,154
545,470,13,2022-06-29,53
546,385,37,2022-06-30,16
547,432,83,2022-07-01,79
548,169,29,2022-07-02,19
549,22,34,2022-07-03,15
550,307,53,2022-07-04,138
551,36,19,2022-07-05,97
552,424,21,2022-07-06,104
553,43,93,2022-07-07,105
554,483,57,2022-07-08,107
555,185,98,2022-07-09,57
556,155,57,2022-07-10,34
557,67,42,2022-07-11,167
558,446,73,2022-07-12,103
559,330,70,2022-07-13,14
560,188,27,2022-07-14,84
561,370,3,2022-07-15,25
562,37,2,2022-07-16,108
563,276,90,2022-07-17,157
564,150,11,2022-07-18,172
565,121,84,2022-07-19,33
566,114,4,2022-07-20,164
567,474,23,2022-07-21,145
568,1,53,2022-07-22,60
569,331,22,2022-07-23,70
570,448,81,2022-07-24,178
571,463,91,2022-07-25,109
572,170,29,2022-07-26,18
573,243,80,2022-07-27,75
574,497,45,2022-07-28,115
575,499,59,2022-07-29,118
576,234,6,2022-07-30,169
577,299,94,2022-07-31,139
578,142,67,2022-08-01,104
579,322,24,2022-08-02,90
580,152,71,2022-08-03,109
581,490,88,2022-08-04,78
582,341,8,2022-08-05,126
583,128,30,2022-08-06,108
584,445,4,2022-08-07,105
585,380,65,2022-08-08,137
586,353,96,2022-08-09,168
587,382,84,2022-08-10,99
588,46,23,2022-08-11,176
589,451,99,2022-08-12,13
590,487,92,2022-08-13,175
591,86,83,2022-08-14,148
592,166,92,2022-08-15,152
593,468,2,2022-08-16,179
594,91,14,2022-08-17,87
595,169,85,2022-08-18,180
596,422,68,2022-08-19,145
597,170,84,2022-08-20,103
598,446,7,2022-08-21,132
599,474,58,2022-08-22,14
600,402,30,2022-08-23,103
601,201,31,2022-08-24,11
602,419,66,2022-08-25,142
603,307,21,2022-08-26,98
604,325,67,2022-08-27,22
605,83,29,2022-08-28,115
606,75,93,2022-08-29,136
607,15,25,2022-08-30,32
608,172,9,2022-08-31,112
609,224,47,2022-09-01,149
610,213,60,2022-09-02,16
611,436,54,2022-09-03,81
612,148,41,2022-09-04,84
613,275,1,2022-09-05,95
614,125,59,2022-09-06,153
615,113,68,2022-09-07,27
616,9,57,2022-09-08,174
617,356,67,2022-09-09,83
618,226,1,2022-09-10,86
619,130,53,2022-09-11,180
620,15,95,2022-09-12,164
621,134,83,2022-09-13,32
622,375,79,2022-09-14,143
623,354,4,2022-09-15,113
624,56,35,2022-09-16,46
625,312,19,2022-09-17,142
626,412,11,2022-09-18,65
627,411,44,2022-09-19,140
628,267,48,2022-09-20,144
629,341,44,2022-09-21,124
630,469,86,2022-09-22,13
631,228,96,2022-09-23,104
632,410,72,2022-09-24,68
633,136,34,2022-09-25,87
634,266,63,2022-09-26,105
635,239,93,2022-09-27,87
636,189,83,2022-09-28,44
637,234,79,2022-09-29,112
638,492,57,2022-09-30,69
639,146,27,2022-10-01,119
640,15,4,2022-10-02,175
641,465,62,2022-10-03,131
642,13,93,2022-10-04,62
643,372,77,2022-10-05,164
644,365,93,2022-10-06,122
645,86,75,2022-10-07,147
646,60,63,2022-10-08,130
647,267,18,2022-10-09,135
648,135,44,2022-10-10,122
649,271,41,2022-10-11,167
650,296,25,2022-10-12,90
651,348,89,2022-10-13,76
652,180,82,2022-10-14,32
653,274,59,2022-10-15,96
654,304,50,2022-10-16,11
655,407,13,2022-10-17,107
656,97,53,2022-10-18,21
657,31,4,2022-10-19,129
658,410,22,2022-10-20,17
659,83,59,2022-10-21,167
660,94,1,2022-10-22,65
661,101,10,2022-10-23,164
662,290,19,2022-10-24,140
663,340,73,2022-10-25,133
664,107,94,2022-10-26,41
665,473,85,2022-10-27,58
666,494,56,2022-10-28,114
667,314,24,2022-10-29,10
668,138,86,2022-10-30,152
669,171,86,2022-10-31,69
670,346,22,2022-11-01,146
671,226,45,2022-11-02,73
672,372,90,2022-11-03,87
673,72,48,2022-11-04,83
674,362,31,2022-11-05,12
675,416,34,2022-11-06,87
676,493,89,2022-11-07,38
677,1,52,2022-11-08,120
678,460,7,2022-11-09,50
679,160,21,2022-11-10,29
680,198,17,2022-11-11,135
681,15,22,2022-11-12,140
682,25,28,2022-11-13,112
683,138,49,2022-11-14,165
684,500,6,2022-11-15,13
685,401,62,2022-11-16,19
686,195,63,2022-11-17,96
687,140,75,2022-11-18,146
688,86,71,2022-11-19,13
689,449,49,2022-11-20,11
690,184,39,2022-11-21,65
691,103,70,2022-11-22,26
692,471,73,2022-11-23,70
693,44,53,2022-11-24,127
694,476,57,2022-11-25,132
695,53,45,2022-11-26,129
696,209,64,2022-11-27,140
697,478,27,2022-11-28,88
698,370,97,2022-11-29,115
699,106,13,2022-11-30,145
700,463,88,2022-12-01,157
701,170,25,2022-12-02,54
702,81,30,2022-12-03,110
703,278,59,2022-12-04,36
704,33,54,2022-12-05,153
705,70,51,2022-12-06,170
706,123,92,2022-12-07,140
707,17,42,2022-12-08,20
708,220,40,2022-12-09,48
709,320,79,2022-12-10,46
710,32,55,2022-12-11,87
711,353,47,2022-12-12,85
712,110,25,2022-12-13,162
713,98,27,2022-12-14,172
714,327,19,2022-12-15,91
715,48,42,2022-12-16,90
716,51,79,2022-12-17,106
717,410,58,2022-12-18,101
718,464,20,2022-12-19,178
719,68,3,2022-12-20,110
720,279,65,2022-12-21,161
721,152,2,2022-12-22,146
722,236,8,2022-12-23,59
723,463,58,2022-12-24,22
724,85,97,2022-12-25,163
725,298,63,2022-12-26,95
726,114,81,2022-12-27,174
727,204,15,2022-12-28,154
728,188,88,2022-12-29,57
729,59,31,2022-12-30,170
730,396,3,2022-12-31,108
731,196,27,2023-01-01,51
732,477,16,2023-01-02,65
733,60,55,2023-01-03,73
734,112,19,2023-01-04,102
735,31,94,2023-01-05,27
736,319,85,2023-01-06,67
737,412,97,2023-01-07,62
738,95,72,2023-01-08,167
739,394,74,2023-01-09,131
740,302,35,2023-01-10,35
741,230,85,2023-01-11,96
742,179,31,2023-01-12,30
743,474,80,2023-01-13,22
744,319,42,2023-01-14,170
745,285,1,2023-01-15,60
746,49,60,2023-01-16,139
747,113,34,2023-01-17,68
748,436,8,2023-01-18,75
749,454,97,2023-01-19,50
750,155,39,2023-01-20,110
751,445,57,2023-01-21,13
752,160,81,2023-01-22,27
753,108,79,2023-01-23,161
754,38,57,2023-01-24,73
755,435,65,2023-01-25,48
756,29,27,2023-01-26,106
757,475,14,2023-01-27,130
758,407,76,2023-01-28,175
759,91,25,2023-01-29,166
760,134,2,2023-01-30,60
761,379,55,2023-01-31,26
762,218,77,2023-02-01,54
763,115,56,2023-02-02,75
764,196,59,2023-02-03,33
765,238,57,2023-02-04,124
766,14,10,2023-02-05,33
767,52,71,2023-02-06,25
768,424,2,2023-02-07,31
769,41,35,2023-02-08,172
770,134,91,2023-02-09,151
771,74,75,2023-02-10,137
772,478,25,2023-02-11,93
773,243,93,2023-02-12,109
774,123,9,2023-02-13,21
775,229,19,2023-02-14,167
776,364,58,2023-02-15,75
777,500,58,2023-02-16,46
778,318,74,2023-02-17,111
779,471,76,2023-02-18,172
780,162,71,2023-02-19,22
781,241,2,2023-02-20,133
782,378,33,2023-02-21,67
783,280,64,2023-02-22,63
784,187,86,2023-02-23,148
785,237,15,2023-02-24,100
786,398,98,2023-02-25,78
787,65,24,2023-02-26,77
788,401,19,2023-02-27,177
789,383,45,2023-02-28,178
790,59,70,2023-03-01,37
791,324,27,2023-03-02,31
792,219,44,2023-03-03,131
793,137,54,2023-03-04,140
794,404,21,2023-03-05,143
795,473,42,2023-03-06,95
796,230,43,2023-03-07,30
797,58,29,2023-03-08,173
798,308,100,2023-03-09,37
799,180,11,2023-03-10,109
800,141,88,2023-03-11,33
801,130,35,2023-03-12,16
802,272,33,2023-03-13,131
803,297,20,2023-03-14,94
804,254,18,2023-03-15,150
805,216,37,2023-03-16,65
806,257,32,2023-03-17,136
807,363,70,2023-03-18,49
808,261,3,2023-03-19,163
809,138,83,2023-03-20,66
810,199,42,2023-03-21,127
811,91,7,2023-03-22,42
812,27,33,2023-03-23,20
813,211,41,2023-03-24,43
814,157,64,2023-03-25,59
815,369,54,2023-03-26,87
816,349,19,2023-03-27,147
817,207,51,2023-03-28,102
818,139,1,2023-03-29,178
819,223,95,2023-03-30,36
820,298,50,2023-03-31,142
821,101,34,2023-04-01,137
822,70,12,2023-04-02,93
823,33,77,2023-04-03,29
824,478,68,2023-04-04,38
825,479,6,2023-04-05,117
826,349,47,2023-04-06,54
827,99,3,2023-04-07,83
828,472,90,2023-04-08,129
829,456,70,2023-04-09,56
830,314,77,2023-04-10,130
831,344,79,2023-04-11,142
832,133,87,2023-04-12,36
833,16,5,2023-04-13,160
834,347,86,2023-04-14,171
835,412,64,2023-04-15,36
836,265,40,2023-04-16,150
837,212,39,2023-04-17,99
838,452,84,2023-04-18,147
839,197,98,2023-04-19,17
840,22,10,2023-04-20,112
841,112,22,2023-04-21,88
842,139,13,2023-04-22,156
843,359,59,2023-04-23,90
844,350,36,2023-04-24,47
845,198,3,2023-04-25,99
846,294,49,2023-04-26,158
847,255,74,2023-04-27,28
848,356,33,2023-04-28,160
849,494,82,2023-04-29,74
850,309,98,2023-04-30,91
851,106,100,2023-05-01,104
852,351,35,2023-05-02,155
853,311,4,2023-05-03,47
854,485,47,2023-05-04,158
855,384,37,2023-05-05,13
856,186,76,2023-05-06,166
857,445,44,2023-05-07,30
858,46,50,2023-05-08,177
859,375,65,2023-05-09,98
860,228,60,2023-05-10,177
861,369,29,2023-05-11,15
862,355,48,2023-05-12,131
863,414,40,2023-05-13,82
864,55,78,2023-05-14,46
865,194,77,2023-05-15,68
866,87,41,2023-05-16,41
867,77,80,2023-05-17,39
868,349,53,2023-05-18,93
869,15,34,2023-05-19,154
870,219,69,2023-05-20,160
871,431,87,2023-05-21,160
872,426,17,2023-05-22,31
873,207,57,2023-05-23,148
874,332,62,2023-05-24,85
875,293,40,2023-05-25,166
876,7,83,2023-05-26,92
877,173,29,2023-05-27,50
878,243,80,2023-05-28,141
879,251,61,2023-05-29,31
880,477,83,2023-05-30,43
881,91,46,2023-05-31,72
882,118,34,2023-06-01,102
883,274,66,2023-06-02,31
884,182,11,2023-06-03,21
885,492,18,2023-06-04,111
886,389,6,2023-06-05,20
887,419,95,2023-06-06,169
888,105,73,2023-06-07,68
889,86,92,2023-06-08,75
890,418,67,2023-06-09,37
891,316,85,2023-06-10,133
892,187,24,2023-06-11,75
893,119,99,2023-06-12,47
894,91,11,2023-06-13,13
895,313,23,2023-06-14,87
896,308,44,2023-06-15,86
897,234,77,2023-06-16,24
898,102,96,2023-06-17,117
899,92,70,2023-06-18,121
900,491,30,2023-06-19,177
901,149,20,2023-06-20,84
902,366,32,2023-06-21,24
903,169,65,2023-06-22,172
904,64,63,2023-06-23,106
905,161,64,2023-06-24,23
906,153,8,2023-06-25,141
907,418,44,2023-06-26,81
908,42,97,2023-06-27,51
909,338,23,2023-06-28,168
910,297,7,2023-06-29,24
911,389,92,2023-06-30,67
912,104,35,2023-07-01,43
913,91,55,2023-07-02,67
914,490,16,2023-07-03,79
915,336,9,2023-07-04,54
916,497,7,2023-07-05,168
917,374,99,2023-07-06,98
918,143,14,2023-07-07,81
919,484,68,2023-07-08,29
920,145,86,2023-07-09,149
921,430,43,2023-07-10,94
922,455,80,2023-07-11,76
923,307,42,2023-07-12,84
924,145,48,2023-07-13,105
925,255,22,2023-07-14,119
926,459,7,2023-07-15,78
927,138,66,2023-07-16,42
928,103,99,2023-07-17,10
929,75,40,2023-07-18,106
930,81,84,2023-07-19,93
931,399,50,2023-07-20,20
932,41,54,2023-07-21,109
933,483,90,2023-07-22,140
934,352,42,2023-07-23,128
935,244,54,2023-07-24,162
936,37,17,2023-07-25,115
937,185,79,2023-07-26,166
938,159,76,2023-07-27,23
939,58,76,2023-07-28,126
940,296,10,2023-07-29,50
941,478,78,2023-07-30,92
942,346,12,2023-07-31,136
943,177,29,2023-08-01,38
944,128,39,2023-08-02,41
945,344,55,2023-08-03,21
946,279,5,2023-08-04,165
947,441,84,2023-08-05,43
948,209,100,2023-08-06,171
949,53,93,2023-08-07,122
950,110,79,2023-08-08,180
951,466,59,2023-08-09,135
952,132,78,2023-08-10,20
953,191,80,2023-08-11,80
954,29,47,2023-08-12,15
955,38,51,2023-08-13,173
956,312,14,2023-08-14,137
957,6,90,2023-08-15,125
958,347,3,2023-08-16,112
959,315,40,2023-08-17,178
960,244,13,2023-08-18,65
961,495,79,2023-08-19,63
962,469,2,2023-08-20,69
963,353,58,2023-08-21,30
964,393,67,2023-08-22,159
965,476,3,2023-08-23,47
966,64,44,2023-08-24,111
967,291,71,2023-08-25,12
968,115,3,2023-08-26,37
969,59,47,2023-08-27,85
970,176,43,2023-08-28,39
971,336,17,2023-08-29,128
972,286,6,2023-08-30,114
973,196,94,2023-08-31,30
974,134,8,2023-09-01,180
975,75,83,2023-09-02,144
976,39,63,2023-09-03,159
977,91,26,2023-09-04,60
978,221,33,2023-09-05,117
979,167,93,2023-09-06,88
980,472,70,2023-09-07,68
981,379,38,2023-09-08,163
982,392,3,2023-09-09,19
983,327,50,2023-09-10,130
984,183,18,2023-09-11,100
985,199,13,2023-09-12,120
986,66,21,2023-09-13,177
987,253,91,2023-09-14,92
988,198,80,2023-09-15,80
989,4,19,2023-09-16,168
990,40,49,2023-09-17,159
991,311,16,2023-09-18,146
992,55,60,2023-09-19,22
993,470,89,2023-09-20,43
994,388,63,2023-09-21,103
995,260,10,2023-09-22,84
996,492,67,2023-09-23,85
997,92,42,2023-09-24,153
998,84,58,2023-09-25,36
999,401,29,2023-09-26,163
1000,471,14,2023-09-27,40
1001,500,71,2023-09-28,63
1002,246,37,2023-09-29,89
1003,50,69,2023-09-30,136
1004,242,52,2023-10-01,156
1005,487,43,2023-10-02,20
1006,346,43,2023-10-03,160
1007,344,12,2023-10-04,148
1008,135,95,2023-10-05,139
1009,343,81,2023-10-06,80
1010,495,53,2023-10-07,68
1011,157,38,2023-10-08,90
1012,192,38,2023-10-09,76
1013,488,43,2023-10-10,116
1014,322,64,2023-10-11,106
1015,243,2,2023-10-12,86
1016,301,42,2023-10-13,57
1017,293,40,2023-10-14,145
1018,33,33,2023-10-15,143
1019,421,59,2023-10-16,91
1020,17,28,2023-10-17,19
1021,395,29,2023-10-18,73
1022,415,73,2023-10-19,18
1023,380,57,2023-10-20,40
1024,62,2,2023-10-21,154
1025,167,29,2023-10-22,146
1026,142,84,2023-10-23,175
1027,128,93,2023-10-24,137
1028,139,89,2023-10-25,170
1029,461,85,2023-10-26,70
1030,205,62,2023-10-27,175
1031,372,20,2023-10-28,24
1032,46,80,2023-10-29,79
1033,21,63,2023-10-30,167
1034,495,49,2023-10-31,145
1035,174,44,2023-11-01,51
1036,51,81,2023-11-02,121
1037,171,44,2023-11-03,166
1038,288,47,2023-11-04,123
1039,1,16,2023-11-05,178
1040,148,91,2023-11-06,36
1041,438,32,2023-11-07,94
1042,270,46,2023-11-08,112
1043,429,72,2023-11-09,38
1044,464,64,2023-11-10,110
1045,179,41,2023-11-11,106
1046,160,77,2023-11-12,119
1047,266,81,2023-11-13,70
1048,454,7,2023-11-14,27
1049,163,98,2023-11-15,120
1050,315,26,2023-11-16,142
1051,166,85,2023-11-17,165
1052,192,19,2023-11-18,47
1053,96,16,2023-11-19,76
1054,251,38,2023-11-20,52
1055,197,2,2023-11-21,35
1056,154,63,2023-11-22,52
1057,181,45,2023-11-23,12
1058,464,97,2023-11-24,19
1059,454,81,2023-11-25,77
1060,500,56,2023-11-26,95
1061,442,54,2023-11-27,132
1062,125,52,2023-11-28,10
1063,16,30,2023-11-29,56
1064,175,96,2023-11-30,107
1065,278,55,2023-12-01,46
1066,450,47,2023-12-02,126
1067,421,42,2023-12-03,149
1068,295,17,2023-12-04,10
1069,312,30,2023-12-05,110
1070,285,88,2023-12-06,169
1071,282,63,2023-12-07,127
1072,17,58,2023-12-08,172
1073,326,60,2023-12-09,71
1074,466,44,2023-12-10,104
1075,400,83,2023-12-11,29
1076,197,5,2023-12-12,151
1077,490,8,2023-12-13,129
1078,8,37,2023-12-14,60
1079,393,23,2023-12-15,79
1080,42,33,2023-12-16,163
1081,156,9,2023-12-17,31
1082,306,50,2023-12-18,66
1083,405,29,2023-12-19,93
1084,22,50,2023-12-20,88
1085,379,37,2023-12-21,35
1086,485,84,2023-12-22,62
1087,122,37,2023-12-23,66
1088,211,7,2023-12-24,128
1089,168,43,2023-12-25,103
1090,402,54,2023-12-26,23
1091,8,36,2023-12-27,66
1092,140,50,2023-12-28,133
1093,277,88,2023-12-29,44
1094,277,44,2023-12-30,101
1095,349,10,2023-12-31,134
1096,220,65,2024-01-01,169
1097,320,48,2024-01-02,148
1098,70,78,2024-01-03,81
1099,59,81,2024-01-04,105
1100,467,54,2024-01-05,136
1101,137,36,2024-01-06,18
1102,42,10,2024-01-07,145
1103,72,29,2024-01-08,164
1104,426,79,2024-01-09,142
1105,103,71,2024-01-10,154
1106,282,56,2024-01-11,134
1107,379,54,2024-01-12,104
1108,219,1,2024-01-13,123
1109,94,11,2024-01-14,180
1110,116,84,2024-01-15,77
1111,58,49,2024-01-16,86
1112,444,47,2024-01-17,29
1113,421,89,2024-01-18,11
1114,212,75,2024-01-19,35
1115,479,98,2024-01-20,92
1116,169,83,2024-01-21,50
1117,373,7,2024-01-22,142
1118,270,54,2024-01-23,130
1119,424,59,2024-01-24,136
1120,378,69,2024-01-25,77
1121,49,30,2024-01-26,78
1122,4,99,2024-01-27,54
1123,438,63,2024-01-28,156
1124,29,44,2024-01-29,125
1125,169,55,2024-01-30,34
1126,46,61,2024-01-31,165
1127,165,30,2024-02-01,123
1128,332,78,2024-02-02,138
1129,120,86,2024-02-03,47
1130,143,69,2024-02-04,43
1131,14,86,2024-02-05,94
1132,46,94,2024-02-06,92
1133,179,4,2024-02-07,37
1134,107,52,2024-02-08,61
1135,365,50,2024-02-09,90
1136,194,71,2024-02-10,143
1137,41,9,2024-02-11,39
1138,217,20,2024-02-12,22
1139,356,56,2024-02-13,107
1140,166,70,2024-02-14,46
1141,188,6,2024-02-15,164
1142,114,48,2024-02-16,32
1143,337,47,2024-02-17,76
1144,395,8,2024-02-18,16
1145,485,98,2024-02-19,131
1146,307,100,2024-02-20,119
1147,345,18,2024-02-21,18
1148,239,16,2024-02-22,95
1149,93,62,2024-02-23,23
1150,119,4,2024-02-24,33
1151,308,3,2024-02-25,96
1152,376,1,2024-02-26,113
1153,361,4,2024-02-27,62
1154,40,79,2024-02-28,118
1155,469,41,2024-02-29,78
1156,220,9,2024-03-01,163
1157,447,79,2024-03-02,84
1158,220,8,2024-03-03,115
1159,329,2,2024-03-04,36
1160,214,78,2024-03-05,139
1161,346,6,2024-03-06,95
1162,460,63,2024-03-07,90
1163,357,27,2024-03-08,19
1164,481,66,2024-03-09,175
1165,264,13,2024-03-10,170
1166,423,27,2024-03-11,21
1167,178,90,2024-03-12,108
1168,220,16,2024-03-13,150
1169,158,52,2024-03-14,59
1170,3,87,2024-03-15,140
1171,121,70,2024-03-16,32
1172,305,79,2024-03-17,113
1173,17,93,2024-03-18,70
1174,41,27,2024-03-19,22
1175,49,57,2024-03-20,127
1176,226,37,2024-03-21,108
1177,277,100,2024-03-22,78
1178,490,40,2024-03-23,11
1179,223,15,2024-03-24,154
1180,192,79,2024-03-25,175
1181,73,40,2024-03-26,133
1182,94,82,2024-03-27,155
1183,98,59,2024-03-28,54
1184,383,49,2024-03-29,58
1185,17,62,2024-03-30,114
1186,478,84,2024-03-31,75
1187,248,80,2024-04-01,64
1188,164,10,2024-04-02,81
1189,183,88,2024-04-03,160
1190,244,97,2024-04-04,20
1191,256,74,2024-04-05,45
1192,295,52,2024-04-06,130
1193,72,87,2024-04-07,175
1194,3,18,2024-04-08,149
1195,340,17,2024-04-09,171
1196,459,75,2024-04-10,157
1197,488,45,2024-04-11,43
1198,258,3,2024-04-12,19
1199,399,19,2024-04-13,68
1200,360,24,2024-04-14,12
1201,188,27,2024-04-15,24
1202,221,29,2024-04-16,176
1203,400,50,2024-04-17,115
1204,95,46,2024-04-18,146
1205,170,8,2024-04-19,80
1206,404,100,2024-04-20,110
1207,12,91,2024-04-21,159
1208,108,57,2024-04-22,70
1209,450,7,2024-04-23,91
1210,307,46,2024-04-24,21
1211,260,74,2024-04-25,91
1212,365,28,2024-04-26,79
1213,435,71,2024-04-27,49
1214,381,47,2024-04-28,51
1215,473,13,2024-04-29,136
1216,469,14,2024-04-30,91
1217,131,18,2024-05-01,83
1218,45,88,2024-05-02,99
1219,35,46,2024-05-03,157
1220,348,16,2024-05-04,173
1221,428,66,2024-05-05,180
1222,482,81,2024-05-06,32
1223,239,91,2024-05-07,95
1224,338,81,2024-05-08,50
1225,187,59,2024-05-09,73
1226,197,86,2024-05-10,109
1227,4,89,2024-05-11,63
1228,60,38,2024-05-12,51
1229,44,29,2024-05-13,99
1230,190,94,2024-05-14,154
1231,337,66,2024-05-15,31
1232,405,72,2024-05-16,128
1233,13,33,2024-05-17,151
1234,128,45,2024-05-18,148
1235,319,77,2024-05-19,103
1236,43,13,2024-05-20,76
1237,154,97,2024-05-21,174
1238,489,20,2024-05-22,22
1239,167,3,2024-05-23,91
1240,266,79,2024-05-24,13
1241,425,37,2024-05-25,91
1242,244,89,2024-05-26,156
1243,132,79,2024-05-27,48
1244,456,21,2024-05-28,155
1245,313,64,2024-05-29,154
1246,251,15,2024-05-30,60
1247,227,99,2024-05-31,64
1248,214,53,2024-06-01,132
1249,294,10,2024-06-02,58
1250,444,82,2024-06-03,151
1251,94,84,2024-06-04,35
1252,404,80,2024-06-05,77
1253,72,32,2024-06-06,14
1254,120,1,2024-06-07,54
1255,455,23,2024-06-08,163
1256,214,88,2024-06-09,38
1257,455,22,2024-06-10,106
1258,163,89,2024-06-11,27
1259,324,72,2024-06-12,58
1260,7,38,2024-06-13,99
1261,476,82,2024-06-14,114
1262,144,56,2024-06-15,159
1263,134,35,2024-06-16,93
1264,111,24,2024-06-17,20
1265,118,96,2024-06-18,137
1266,415,96,2024-06-19,82
1267,251,62,2024-06-20,131
1268,397,58,2024-06-21,177
1269,316,88,2024-06-22,87
1270,186,21,2024-06-23,103
1271,455,13,2024-06-24,44
1272,382,57,2024-06-25,164
1273,409,14,2024-06-26,91
1274,19,12,2024-06-27,117
1275,478,79,2024-06-28,143
1276,112,21,2024-06-29,109
1277,163,30,2024-06-30,100
1278,345,69,2024-07-01,133
1279,151,41,2024-07-02,19
1280,340,14,2024-07-03,175
1281,393,84,2024-07-04,59
1282,408,85,2024-07-05,172
1283,400,57,2024-07-06,41
1284,402,84,2024-07-07,59
1285,9,92,2024-07-08,117
1286,408,46,2024-07-09,136
1287,248,10,2024-07-10,15
1288,356,32,2024-07-11,47
1289,319,93,2024-07-12,46
1290,347,78,2024-07-13,129
1291,473,32,2024-07-14,71
1292,414,11,2024-07-15,179
1293,219,98,2024-07-16,100
1294,328,15,2024-07-17,104
1295,95,75,2024-07-18,33
1296,196,84,2024-07-19,73
1297,113,54,2024-07-20,58
1298,217,19,2024-07-21,136
1299,482,1,2024-07-22,11
1300,276,57,2024-07-23,146
1301,114,59,2024-07-24,87
1302,131,71,2024-07-25,88
1303,356,51,2024-07-26,160
1304,363,74,2024-07-27,90
1305,84,43,2024-07-28,108
1306,80,60,2024-07-29,111
1307,18,68,2024-07-30,78
1308,454,4,2024-07-31,28
1309,52,87,2024-08-01,157
1310,121,50,2024-08-02,128
1311,451,26,2024-08-03,175
1312,20,33,2024-08-04,168
1313,26,58,2024-08-05,93
1314,239,79,2024-08-06,147
1315,4,85,2024-08-07,130
1316,200,54,2024-08-08,44
1317,90,34,2024-08-09,95
1318,197,20,2024-08-10,113
1319,283,59,2024-08-11,50
1320,364,79,2024-08-12,142
1321,186,56,2024-08-13,26
1322,81,81,2024-08-14,24
1323,230,39,2024-08-15,70
1324,367,38,2024-08-16,147
1325,33,76,2024-08-17,105
1326,39,23,2024-08-18,104
1327,454,27,2024-08-19,88
1328,433,15,2024-08-20,61
1329,159,82,2024-08-21,33
1330,139,100,2024-08-22,16
1331,309,43,2024-08-23,54
1332,211,96,2024-08-24,124
1333,328,86,2024-08-25,12
1334,78,9,2024-08-26,164
1335,220,100,2024-08-27,13
1336,137,90,2024-08-28,51
1337,410,47,2024-08-29,140
1338,487,18,2024-08-30,45
1339,191,48,2024-08-31,131
1340,392,78,2024-09-01,143
1341,130,98,2024-09-02,87
1342,318,85,2024-09-03,175
1343,88,67,2024-09-04,48
1344,276,13,2024-09-05,39
1345,28,82,2024-09-06,129
1346,136,86,2024-09-07,97
1347,1,64,2024-09-08,97
1348,102,89,2024-09-09,56
1349,468,49,2024-09-10,51
1350,158,44,2024-09-11,37
1351,334,33,2024-09-12,112
1352,64,72,2024-09-13,35
1353,466,98,2024-09-14,43
1354,451,72,2024-09-15,171
1355,162,21,2024-09-16,96
1356,128,83,2024-09-17,120
1357,404,53,2024-09-18,136
1358,274,85,2024-09-19,45
1359,364,90,2024-09-20,78
1360,403,5,2024-09-21,130
1361,68,89,2024-09-22,71
1362,213,91,2024-09-23,57
1363,320,56,2024-09-24,91
1364,248,57,2024-09-25,97
1365,414,92,2024-09-26,129
1366,150,59,2024-09-27,110
1367,443,24,2024-09-28,166
1368,421,86,2024-09-29,106
1369,344,49,2024-09-30,24
1370,234,55,2024-10-01,28
1371,25,3,2024-10-02,136
1372,25,3,2024-10-03,130
1373,133,9,2024-10-04,146
1374,167,79,2024-10-05,54
1375,490,39,2024-10-06,129
1376,56,85,2024-10-07,113
1377,182,51,2024-10-08,19
1378,482,2,2024-10-09,59
1379,464,74,2024-10-10,148
1380,11,9,2024-10-11,60
1381,118,21,2024-10-12,168
1382,192,19,2024-10-13,155
1383,329,32,2024-10-14,21
1384,235,30,2024-10-15,74
1385,323,18,2024-10-16,117
1386,321,47,2024-10-17,45
1387,498,27,2024-10-18,60
1388,39,45,2024-10-19,178
1389,239,60,2024-10-20,68
1390,235,30,2024-10-21,12
1391,383,16,2024-10-22,34
1392,198,32,2024-10-23,108
1393,256,19,2024-10-24,109
1394,303,46,2024-10-25,23
1395,240,91,2024-10-26,65
1396,413,83,2024-10-27,120
1397,54,83,2024-10-28,89
1398,456,60,2024-10-29,101
1399,96,19,2024-10-30,83
1400,361,73,2024-10-31,84
1401,170,82,2024-11-01,11
1402,458,10,2024-11-02,20
1403,484,39,2024-11-03,167
1404,161,72,2024-11-04,61
1405,30,37,2024-11-05,124
1406,325,87,2024-11-06,17
1407,357,63,2024-11-07,62
1408,139,50,2024-11-08,57
1409,393,96,2024-11-09,94
1410,464,93,2024-11-10,94
1411,317,48,2024-11-11,28
1412,352,34,2024-11-12,38
1413,51,74,2024-11-13,138
1414,419,37,2024-11-14,135
1415,497,88,2024-11-15,82
1416,263,78,2024-11-16,144
1417,256,77,2024-11-17,67
1418,338,93,2024-11-18,140
1419,456,76,2024-11-19,88
1420,98,78,2024-11-20,66
1421,409,23,2024-11-21,64
1422,94,36,2024-11-22,138
1423,43,48,2024-11-23,102
1424,129,61,2024-11-24,18
1425,15,78,2024-11-25,114
1426,408,38,2024-11-26,46
1427,492,11,2024-11-27,147
1428,366,51,2024-11-28,150
1429,461,32,2024-11-29,114
1430,370,77,2024-11-30,106
1431,388,32,2024-12-01,65
1432,358,37,2024-12-02,164
1433,36,58,2024-12-03,104
1434,20,38,2024-12-04,51
1435,33,42,2024-12-05,173
1436,464,28,2024-12-06,164
1437,489,20,2024-12-07,139
1438,3,24,2024-12-08,159
1439,363,56,2024-12-09,62
1440,288,9,2024-12-10,73
1441,55,61,2024-12-11,72
1442,85,67,2024-12-12,157
1443,232,18,2024-12-13,33
1444,438,1,2024-12-14,50
1445,159,50,2024-12-15,37
1446,400,73,2024-12-16,141
1447,415,48,2024-12-17,56
1448,414,99,2024-12-18,57
1449,195,38,2024-12-19,29
1450,272,81,2024-12-20,125
1451,349,22,2024-12-21,114
1452,33,14,2024-12-22,18
1453,160,47,2024-12-23,172
1454,183,34,2024-12-24,156
1455,69,64,2024-12-25,11
1456,2,85,2024-12-26,60
1457,351,60,2024-12-27,72
1458,382,37,2024-12-28,46
1459,493,93,2024-12-29,153
1460,474,15,2024-12-30,11
1461,209,59,2024-12-31,89
1462,139,70,2025-01-01,103
1463,52,86,2025-01-02,144
1464,370,43,2025-01-03,132
1465,64,5,2025-01-04,24
1466,480,32,2025-01-05,110
1467,40,74,2025-01-06,142
1468,326,82,2025-01-07,132
1469,295,2,2025-01-08,175
1470,43,71,2025-01-09,154
1471,420,75,2025-01-10,81
1472,52,78,2025-01-11,111
1473,143,41,2025-01-12,29
1474,36,49,2025-01-13,164
1475,211,27,2025-01-14,162
1476,266,8,2025-01-15,154
1477,8,75,2025-01-16,114
1478,188,62,2025-01-17,124
1479,286,75,2025-01-18,131
1480,209,68,2025-01-19,148
1481,45,56,2025-01-20,97
1482,419,53,2025-01-21,26
1483,385,48,2025-01-22,80
1484,224,48,2025-01-23,97
1485,296,67,2025-01-24,34
1486,101,40,2025-01-25,123
1487,471,79,2025-01-26,140
1488,63,5,2025-01-27,44
1489,16,19,2025-01-28,88
1490,37,23,2025-01-29,79
1491,172,65,2025-01-30,84
1492,303,4,2025-01-31,132
1493,258,91,2025-02-01,161
1494,288,99,2025-02-02,105
1495,428,86,2025-02-03,57
1496,441,41,2025-02-04,95
1497,382,92,2025-02-05,98
1498,361,41,2025-02-06,101
1499,71,69,2025-02-07,24
1500,500,43,2025-02-08,134
1501,464,90,2025-02-09,101
1502,404,23,2025-02-10,163
1503,430,52,2025-02-11,129
1504,50,2,2025-02-12,54
1505,303,50,2025-02-13,172
1506,291,13,2025-02-14,11
1507,420,7,2025-02-15,10
1508,497,30,2025-02-16,132
1509,48,13,2025-02-17,24
1510,201,60,2025-02-18,23
1511,210,68,2025-02-19,105
1512,128,53,2025-02-20,90
1513,114,80,2025-02-21,172
1514,324,46,2025-02-22,124
1515,438,26,2025-02-23,79
1516,13,61,2025-02-24,127
1517,260,33,2025-02-25,147
1518,218,66,2025-02-26,129
1519,394,80,2025-02-27,53
1520,273,17,2025-02-28,108
1521,318,20,2025-03-01,174
1522,346,21,2025-03-02,170
1523,483,90,2025-03-03,49
1524,155,31,2025-03-04,52
1525,445,95,2025-03-05,88
1526,233,62,2025-03-06,58
1527,4,90,2025-03-07,35
1528,212,52,2025-03-08,35
1529,177,32,2025-03-09,105
1530,290,44,2025-03-10,101
1531,229,19,2025-03-11,124
1532,124,61,2025-03-12,91
1533,311,8,2025-03-13,36
1534,420,7,2025-03-14,58
1535,353,74,2025-03-15,24
1536,181,46,2025-03-16,166
1537,495,93,2025-03-17,139
1538,225,73,2025-03-18,61
1539,191,10,2025-03-19,85
1540,406,19,2025-03-20,47
1541,166,8,2025-03-21,135
1542,380,72,2025-03-22,66
1543,74,43,2025-03-23,97
1544,46,93,2025-03-24,132
1545,399,74,2025-03-25,104
1546,181,16,2025-03-26,158
1547,265,6,2025-03-27,95
1548,7,13,2025-03-28,52
1549,140,38,2025-03-29,173
1550,351,20,2025-03-30,114
1551,241,46,2025-03-31,72
1552,379,79,2025-04-01,131
1553,329,98,2025-04-02,145
1554,490,100,2025-04-03,155
1555,388,50,2025-04-04,74
1556,227,7,2025-04-05,92
1557,490,72,2025-04-06,48
1558,461,31,2025-04-07,180
1559,330,90,2025-04-08,157
1560,445,43,2025-04-09,122
1561,198,62,2025-04-10,58
1562,322,26,2025-04-11,107
1563,409,83,2025-04-12,112
1564,336,11,2025-04-13,52
1565,376,50,2025-04-14,23
1566,302,16,2025-04-15,48
1567,456,66,2025-04-16,128
1568,58,3,2025-04-17,153
1569,436,91,2025-04-18,102
1570,327,61,2025-04-19,57
1571,210,74,2025-04-20,126
1572,460,11,2025-04-21,174
1573,255,58,2025-04-22,75
1574,248,53,2025-04-23,105
1575,39,84,2025-04-24,97
1576,465,30,2025-04-25,40
1577,469,21,2025-04-26,174
1578,128,95,2025-04-27,139
1579,5,80,2025-04-28,29
1580,231,71,2025-04-29,15
1581,100,77,2025-04-30,169
1582,307,12,2025-05-01,84
1583,360,18,2025-05-02,109
1584,30,2,2025-05-03,109
1585,41,42,2025-05-04,164
1586,227,55,2025-05-05,108
1587,25,37,2025-05-06,108
1588,66,52,2025-05-07,62
1589,477,44,2025-05-08,111
1590,442,58,2025-05-09,78
1591,439,28,2025-05-10,137
1592,99,64,2025-05-11,160
1593,275,91,2025-05-12,29
1594,470,69,2025-05-13,29
1595,222,22,2025-05-14,104
1596,111,99,2025-05-15,140
1597,269,49,2025-05-16,13
1598,187,48,2025-05-17,135
1599,410,94,2025-05-18,98
1600,20,15,2025-05-19,21
1601,28,50,2025-05-20,75
1602,275,66,2025-05-21,164
1603,381,1,2025-05-22,54
1604,49,84,2025-05-23,121
1605,275,1,2025-05-24,131
1606,188,14,2025-05-25,113
1607,405,86,2025-05-26,134
1608,156,94,2025-05-27,163
1609,255,29,2025-05-28,124
1610,138,40,2025-05-29,124
1611,377,38,2025-05-30,20
1612,325,28,2025-05-31,67
1613,77,81,2025-06-01,102
1614,35,13,2025-06-02,31
1615,93,6,2025-06-03,157
1616,128,75,2025-06-04,120
1617,230,46,2025-06-05,93
1618,256,58,2025-06-06,168
1619,469,85,2025-06-07,62
1620,428,62,2025-06-08,14
1621,81,86,2025-06-09,74
1622,454,33,2025-06-10,23
1623,106,87,2025-06-11,117
1624,455,18,2025-06-12,173
1625,428,98,2025-06-13,29
1626,382,3,2025-06-14,37
1627,484,49,2025-06-15,30
1628,316,63,2025-06-16,138
1629,470,93,2025-06-17,76
1630,372,96,2025-06-18,69
1631,356,40,2025-06-19,136
1632,213,16,2025-06-20,92
1633,78,49,2025-06-21,28
1634,84,96,2025-06-22,36
1635,289,91,2025-06-23,160
1636,169,90,2025-06-24,64
1637,82,11,2025-06-25,51
1638,253,7,2025-06-26,140
1639,59,28,2025-06-27,139
1640,315,3,2025-06-28,57
1641,380,73,2025-06-29,156
1642,274,30,2025-06-30,57
1643,329,13,2025-07-01,180
1644,44,65,2025-07-02,130
1645,137,19,2025-07-03,99
1646,168,90,2025-07-04,87
1647,226,16,2025-07-05,130
1648,221,76,2025-07-06,114
1649,338,87,2025-07-07,109
1650,82,28,2025-07-08,103
1651,424,69,2025-07-09,124
1652,376,79,2025-07-10,150
1653,413,83,2025-07-11,39
1654,298,37,2025-07-12,64
1655,76,55,2025-07-13,114
1656,53,88,2025-07-14,98
1657,432,99,2025-07-15,93
1658,339,83,2025-07-16,85
1659,418,65,2025-07-17,55
1660,153,71,2025-07-18,84
1661,127,44,2025-07-19,179
1662,211,25,2025-07-20,127
1663,163,28,2025-07-21,94
1664,336,43,2025-07-22,151
1665,280,100,2025-07-23,42
1666,329,29,2025-07-24,93
1667,5,10,2025-07-25,31
1668,128,21,2025-07-26,147
1669,373,51,2025-07-27,85
1670,122,37,2025-07-28,52
1671,123,15,2025-07-29,168
1672,392,99,2025-07-30,41
1673,78,90,2025-07-31,50
1674,280,52,2025-08-01,74
1675,361,75,2025-08-02,91
1676,396,74,2025-08-03,81
1677,467,23,2025-08-04,110
1678,373,90,2025-08-05,170
1679,51,18,2025-08-06,48
1680,18,86,2025-08-07,148
1681,219,46,2025-08-08,80
1682,319,9,2025-08-09,50
1683,81,50,2025-08-10,133
1684,323,56,2025-08-11,125
1685,261,80,2025-08-12,74
1686,58,71,2025-08-13,144
1687,432,55,2025-08-14,170
1688,446,20,2025-08-15,159
1689,229,55,2025-08-16,37
1690,462,79,2025-08-17,31
1691,13,35,2025-08-18,169
1692,78,97,2025-08-19,161
1693,341,20,2025-08-20,28
1694,166,77,2025-08-21,39
1695,237,71,2025-08-22,119
1696,490,63,2025-08-23,29
1697,78,37,2025-08-24,173
1698,214,65,2025-08-25,25
1699,11,75,2025-08-26,177
1700,16,50,2025-08-27,156
1701,211,34,2025-08-28,38
1702,64,42,2025-08-29,20
1703,252,10,2025-08-30,25
1704,205,36,2025-08-31,44
1705,472,19,2025-09-01,151
1706,132,27,2025-09-02,33
1707,247,63,2025-09-03,95
1708,50,50,2025-09-04,154
1709,366,93,2025-09-05,114
1710,263,36,2025-09-06,167
1711,181,33,2025-09-07,84
1712,404,41,2025-09-08,40
1713,70,28,2025-09-09,102
1714,30,91,2025-09-10,56
1715,293,8,2025-09-11,65
1716,100,77,2025-09-12,126
1717,424,15,2025-09-13,110
1718,155,22,2025-09-14,46
1719,428,43,2025-09-15,156
1720,363,95,2025-09-16,174
1721,90,83,2025-09-17,119
1722,228,32,2025-09-18,108
1723,110,84,2025-09-19,28
1724,486,72,2025-09-20,122
1725,360,45,2025-09-21,56
1726,382,66,2025-09-22,126
1727,429,78,2025-09-23,125
1728,218,87,2025-09-24,73
1729,257,88,2025-09-25,103
1730,124,84,2025-09-26,123
1731,102,13,2025-09-27,168
1732,29,42,2025-09-28,73
1733,127,62,2025-09-29,163
1734,320,80,2025-09-30,126
1735,187,58,2025-10-01,56
1736,64,29,2025-10-02,53
1737,90,93,2025-10-03,132
1738,307,59,2025-10-04,72
1739,344,13,2025-10-05,129
1740,204,39,2025-10-06,136
1741,318,74,2025-10-07,126
1742,200,40,2025-10-08,95
1743,402,86,2025-10-09,22
1744,395,23,2025-10-10,89
1745,185,30,2025-10-11,27
1746,195,80,2025-10-12,11
1747,412,14,2025-10-13,168
1748,347,3,2025-10-14,149
1749,344,80,2025-10-15,31
1750,159,6,2025-10-16,68
1751,271,59,2025-10-17,26
1752,414,38,2025-10-18,22
1753,18,46,2025-10-19,146
1754,228,21,2025-10-20,35
1755,181,81,2025-10-21,52
1756,453,25,2025-10-22,116
1757,297,92,2025-10-23,99
1758,372,17,2025-10-24,76
1759,317,93,2025-10-25,74
1760,88,81,2025-10-26,83
1761,493,96,2025-10-27,95
1762,415,57,2025-10-28,39
1763,432,19,2025-10-29,80
1764,140,95,2025-10-30,52
1765,99,83,2025-10-31,30
1766,182,47,2025-11-01,17
1767,396,84,2025-11-02,160
1768,36,24,2025-11-03,41
1769,82,66,2025-11-04,156
1770,282,51,2025-11-05,145
1771,75,98,2025-11-06,141
1772,71,9,2025-11-07,95
1773,96,99,2025-11-08,39
1774,407,43,2025-11-09,51
1775,261,55,2025-11-10,17
1776,211,70,2025-11-11,67
1777,298,50,2025-11-12,146
1778,370,97,2025-11-13,120
1779,167,92,2025-11-14,125
1780,352,15,2025-11-15,95
1781,493,95,2025-11-16,69
1782,456,73,2025-11-17,113
1783,487,75,2025-11-18,46
1784,47,54,2025-11-19,140
1785,40,38,2025-11-20,42
1786,393,68,2025-11-21,146
1787,272,80,2025-11-22,152
1788,314,8,2025-11-23,74
1789,417,86,2025-11-24,99
1790,108,35,2025-11-25,36
1791,402,44,2025-11-26,111
1792,229,36,2025-11-27,127
1793,184,34,2025-11-28,54
1794,488,67,2025-11-29,125
1795,118,20,2025-11-30,45
1796,28,37,2025-12-01,84
1797,109,51,2025-12-02,78
1798,457,48,2025-12-03,19
1799,189,29,2025-12-04,23
1800,347,86,2025-12-05,74
1801,45,47,2025-12-06,140
1802,153,78,2025-12-07,151
1803,486,65,2025-12-08,47
1804,172,72,2025-12-09,55
1805,478,80,2025-12-10,155
1806,42,88,2025-12-11,85
1807,204,68,2025-12-12,121
1808,305,47,2025-12-13,114
1809,2,54,2025-12-14,178
1810,228,10,2025-12-15,100
1811,184,33,2025-12-16,33
1812,450,42,2025-12-17,54
1813,412,77,2025-12-18,118
1814,394,87,2025-12-19,57
1815,34,11,2025-12-20,139
1816,68,98,2025-12-21,75
1817,467,24,2025-12-22,177
1818,37,8,2025-12-23,64
1819,268,43,2025-12-24,19
1820,238,86,2025-12-25,15
1821,9,94,2025-12-26,72
1822,208,14,2025-12-27,75
1823,136,40,2025-12-28,121
1824,459,63,2025-12-29,140
1825,469,35,2025-12-30,86
1826,288,41,2025-12-31,24
1827,368,16,2026-01-01,50
1828,81,14,2026-01-02,90
1829,9,100,2026-01-03,108
1830,40,22,2026-01-04,33
1831,281,6,2026-01-05,38
1832,196,33,2026-01-06,147
1833,447,29,2026-01-07,36
1834,293,3,2026-01-08,65
1835,187,97,2026-01-09,37
1836,184,6,2026-01-10,29
1837,361,20,2026-01-11,58
1838,398,44,2026-01-12,26
1839,30,95,2026-01-13,53
1840,248,5,2026-01-14,59
1841,218,96,2026-01-15,156
1842,90,100,2026-01-16,29
1843,294,78,2026-01-17,33
1844,105,77,2026-01-18,56
1845,478,23,2026-01-19,16
1846,425,30,2026-01-20,22
1847,31,14,2026-01-21,37
1848,246,70,2026-01-22,141
1849,157,74,2026-01-23,83
1850,349,50,2026-01-24,70
1851,270,44,2026-01-25,33
1852,117,49,2026-01-26,171
1853,102,47,2026-01-27,28
1854,292,47,2026-01-28,160
1855,146,88,2026-01-29,164
1856,486,16,2026-01-30,171
1857,118,96,2026-01-31,53
1858,420,77,2026-02-01,133
1859,151,75,2026-02-02,16
1860,230,86,2026-02-03,149
1861,212,64,2026-02-04,165
1862,25,91,2026-02-05,23
1863,152,27,2026-02-06,95
1864,392,33,2026-02-07,152
1865,312,62,2026-02-08,124
1866,55,42,2026-02-09,92
1867,201,71,2026-02-10,52
1868,103,1,2026-02-11,23
1869,134,94,2026-02-12,123
1870,494,57,2026-02-13,112
1871,57,73,2026-02-14,101
1872,415,50,2026-02-15,23
1873,234,71,2026-02-16,22
1874,240,38,2026-02-17,121
1875,75,21,2026-02-18,116
1876,189,91,2026-02-19,35
1877,316,21,2026-02-20,130
1878,260,5,2026-02-21,130
1879,253,56,2026-02-22,77
1880,363,88,2026-02-23,27
1881,123,14,2026-02-24,54
1882,444,56,2026-02-25,168
1883,156,87,2026-02-26,53
1884,241,46,2026-02-27,49
1885,473,75,2026-02-28,49
1886,264,83,2026-03-01,33
1887,164,5,2026-03-02,123
1888,390,98,2026-03-03,120
1889,37,62,2026-03-04,59
1890,465,55,2026-03-05,135
1891,171,57,2026-03-06,95
1892,103,67,2026-03-07,62
1893,66,73,2026-03-08,45
1894,32,7,2026-03-09,137
1895,314,39,2026-03-10,85
1896,27,53,2026-03-11,80
1897,196,93,2026-03-12,147
1898,447,24,2026-03-13,62
1899,46,9,2026-03-14,82
1900,297,77,2026-03-15,130
1901,377,1,2026-03-16,52
1902,212,31,2026-03-17,22
1903,311,67,2026-03-18,25
1904,42,87,2026-03-19,98
1905,102,9,2026-03-20,86
1906,65,42,2026-03-21,123
1907,111,3,2026-03-22,141
1908,320,89,2026-03-23,27
1909,141,61,2026-03-24,161
1910,359,94,2026-03-25,23
1911,319,74,2026-03-26,91
1912,93,35,2026-03-27,135
1913,70,31,2026-03-28,164
1914,288,55,2026-03-29,165
1915,338,40,2026-03-30,42
1916,22,26,2026-03-31,30
1917,91,56,2026-04-01,115
1918,80,35,2026-04-02,57
1919,6,75,2026-04-03,118
1920,227,24,2026-04-04,70
1921,144,93,2026-04-05,14
1922,268,37,2026-04-06,88
1923,50,18,2026-04-07,171
1924,157,46,2026-04-08,180
1925,18,46,2026-04-09,28
1926,422,62,2026-04-10,116
1927,380,2,2026-04-11,143
1928,338,30,2026-04-12,85
1929,471,68,2026-04-13,108
1930,228,78,2026-04-14,93
1931,103,7,2026-04-15,104
1932,329,28,2026-04-16,70
1933,140,81,2026-04-17,180
1934,331,73,2026-04-18,72
1935,228,45,2026-04-19,151
1936,301,53,2026-04-20,128
1937,323,57,2026-04-21,136
1938,229,33,2026-04-22,14
1939,62,1,2026-04-23,178
1940,233,84,2026-04-24,36
1941,139,54,2026-04-25,169
1942,414,65,2026-04-26,93
1943,16,44,2026-04-27,179
1944,413,61,2026-04-28,33
1945,403,61,2026-04-29,131
1946,468,19,2026-04-30,174
1947,18,19,2026-05-01,35
1948,163,84,2026-05-02,127
1949,172,18,2026-05-03,93
1950,66,88,2026-05-04,127
1951,104,20,2026-05-05,26
1952,278,88,2026-05-06,50
1953,30,13,2026-05-07,130
1954,217,72,2026-05-08,143
1955,445,56,2026-05-09,39
1956,108,67,2026-05-10,112
1957,218,32,2026-05-11,75
1958,452,93,2026-05-12,47
1959,420,82,2026-05-13,15
1960,409,75,2026-05-14,147
1961,489,17,2026-05-15,51
1962,353,73,2026-05-16,67
1963,307,80,2026-05-17,79
1964,313,69,2026-05-18,10
1965,347,94,2026-05-19,170
1966,73,45,2026-05-20,82
1967,446,79,2026-05-21,94
1968,301,61,2026-05-22,124
1969,249,68,2026-05-23,173
1970,44,35,2026-05-24,65
1971,406,18,2026-05-25,33
1972,18,61,2026-05-26,53
1973,184,41,2026-05-27,120
1974,439,70,2026-05-28,84
1975,364,58,2026-05-29,43
1976,142,27,2026-05-30,118
1977,300,65,2026-05-31,144
1978,305,64,2026-06-01,141
1979,230,96,2026-06-02,38
1980,396,85,2026-06-03,121
1981,333,44,2026-06-04,115
1982,28,36,2026-06-05,73
1983,243,92,2026-06-06,150
1984,370,58,2026-06-07,136
1985,96,20,2026-06-08,174
1986,479,59,2026-06-09,57
1987,83,40,2026-06-10,60
1988,306,61,2026-06-11,115
1989,387,93,2026-06-12,91
1990,252,56,2026-06-13,150
1991,125,86,2026-06-14,102
1992,236,92,2026-06-15,147
1993,329,55,2026-06-16,61
1994,54,16,2026-06-17,163
1995,333,32,2026-06-18,44
1996,237,94,2026-06-19,22
1997,398,58,2026-06-20,145
1998,374,70,2026-06-21,149
1999,334,98,2026-06-22,91
2000,336,46,2026-06-23,132
2001,370,75,2026-06-24,30
2002,89,26,2026-06-25,63
2003,11,30,2026-06-26,115
2004,483,54,2026-06-27,176
2005,405,86,2026-06-28,175
2006,440,23,2026-06-29,51
2007,313,82,2026-06-30,75
2008,261,46,2026-07-01,83
2009,394,42,2026-07-02,113
2010,319,26,2026-07-03,153
2011,140,95,2026-07-04,22
2012,212,55,2026-07-05,15
2013,283,84,2026-07-06,132
2014,325,54,2026-07-07,53
2015,329,18,2026-07-08,153
2016,195,78,2026-07-09,113
2017,255,67,2026-07-10,117
2018,387,28,2026-07-11,158
2019,375,54,2026-07-12,173
2020,188,74,2026-07-13,169
2021,13,84,2026-07-14,102
2022,300,100,2026-07-15,55
2023,404,6,2026-07-16,49
2024,1,7,2026-07-17,21
2025,81,47,2026-07-18,123
2026,200,33,2026-07-19,108
2027,329,85,2026-07-20,121
2028,54,39,2026-07-21,26
2029,298,72,2026-07-22,52
2030,402,4,2026-07-23,128
2031,329,76,2026-07-24,138
2032,327,61,2026-07-25,84
2033,472,73,2026-07-26,97
2034,27,67,2026-07-27,110
2035,243,18,2026-07-28,19
2036,500,2,2026-07-29,97
2037,200,18,2026-07-30,51
2038,87,17,2026-07-31,129
2039,37,44,2026-08-01,29
2040,471,99,2026-08-02,53
2041,431,20,2026-08-03,180
2042,149,28,2026-08-04,153
2043,211,81,2026-08-05,95
2044,247,80,2026-08-06,37
2045,220,8,2026-08-07,107
2046,13,7,2026-08-08,143
2047,263,86,2026-08-09,119
2048,81,74,2026-08-10,110
2049,387,58,2026-08-11,36
2050,189,51,2026-08-12,99
2051,242,100,2026-08-13,107
2052,347,82,2026-08-14,146
2053,216,80,2026-08-15,175
2054,389,20,2026-08-16,67
2055,186,3,2026-08-17,158
2056,400,81,2026-08-18,135
2057,210,52,2026-08-19,156
2058,161,84,2026-08-20,111
2059,153,57,2026-08-21,31
2060,92,52,2026-08-22,38
2061,297,34,2026-08-23,133
2062,419,20,2026-08-24,117
2063,342,66,2026-08-25,59
2064,19,28,2026-08-26,27
2065,192,93,2026-08-27,166
2066,275,50,2026-08-28,128
2067,63,46,2026-08-29,35
2068,377,49,2026-08-30,81
2069,35,96,2026-08-31,26
2070,117,79,2026-09-01,107
2071,334,82,2026-09-02,97
2072,482,97,2026-09-03,63
2073,386,21,2026-09-04,24
2074,241,81,2026-09-05,166
2075,359,46,2026-09-06,46
2076,222,88,2026-09-07,78
2077,120,49,2026-09-08,58
2078,36,14,2026-09-09,78
2079,444,82,2026-09-10,163
2080,329,35,2026-09-11,120
2081,208,96,2026-09-12,87
2082,403,28,2026-09-13,142
2083,413,96,2026-09-14,178
2084,247,25,2026-09-15,92
2085,365,69,2026-09-16,98
2086,209,2,2026-09-17,139
2087,364,47,2026-09-18,26
2088,163,26,2026-09-19,82
2089,228,52,2026-09-20,156
2090,428,20,2026-09-21,35
2091,94,98,2026-09-22,50
2092,187,19,2026-09-23,157
2093,105,20,2026-09-24,141
2094,90,23,2026-09-25,128
2095,92,93,2026-09-26,164
2096,407,52,2026-09-27,40
2097,471,48,2026-09-28,72
2098,29,89,2026-09-29,81
2099,233,39,2026-09-30,118
2100,282,90,2026-10-01,122
2101,175,57,2026-10-02,131
2102,358,87,2026-10-03,90
2103,27,22,2026-10-04,104
2104,211,60,2026-10-05,111
2105,422,3,2026-10-06,88
2106,68,34,2026-10-07,180
2107,345,49,2026-10-08,23
2108,414,19,2026-10-09,111
2109,98,39,2026-10-10,96
2110,412,53,2026-10-11,119
2111,500,94,2026-10-12,143
2112,37,35,2026-10-13,71
2113,165,34,2026-10-14,160
2114,203,36,2026-10-15,137
2115,138,42,2026-10-16,70
2116,108,50,2026-10-17,50
2117,194,38,2026-10-18,11
2118,65,41,2026-10-19,174
2119,461,56,2026-10-20,46
2120,427,4,2026-10-21,89
2121,41,58,2026-10-22,115
2122,347,9,2026-10-23,86
2123,173,66,2026-10-24,23
2124,227,8,2026-10-25,122
2125,161,7,2026-10-26,55
2126,492,67,2026-10-27,122
2127,438,34,2026-10-28,62
2128,207,28,2026-10-29,148
2129,260,85,2026-10-30,132
2130,497,46,2026-10-31,156
2131,343,53,2026-11-01,177
2132,114,15,2026-11-02,90
2133,323,12,2026-11-03,115
2134,263,11,2026-11-04,157
2135,353,47,2026-11-05,102
2136,155,28,2026-11-06,73
2137,178,78,2026-11-07,94
2138,486,18,2026-11-08,113
2139,405,4,2026-11-09,145
2140,338,92,2026-11-10,154
2141,485,75,2026-11-11,66
2142,29,7,2026-11-12,172
2143,470,98,2026-11-13,66
2144,350,27,2026-11-14,129
2145,146,13,2026-11-15,178
2146,340,71,2026-11-16,85
2147,235,98,2026-11-17,60
2148,186,17,2026-11-18,175
2149,264,72,2026-11-19,24
2150,481,88,2026-11-20,24
2151,329,63,2026-11-21,111
2152,69,39,2026-11-22,158
2153,223,79,2026-11-23,150
2154,324,58,2026-11-24,155
2155,307,79,2026-11-25,106
2156,324,27,2026-11-26,136
2157,76,54,2026-11-27,24
2158,500,98,2026-11-28,64
2159,282,24,2026-11-29,173
2160,64,52,2026-11-30,33
2161,171,17,2026-12-01,86
2162,198,38,2026-12-02,149
2163,429,74,2026-12-03,178
2164,14,8,2026-12-04,80
2165,53,49,2026-12-05,169
2166,115,44,2026-12-06,83
2167,432,73,2026-12-07,162
2168,222,38,2026-12-08,24
2169,392,38,2026-12-09,53
2170,51,90,2026-12-10,176
2171,498,69,2026-12-11,57
2172,477,79,2026-12-12,114
2173,418,28,2026-12-13,179
2174,129,99,2026-12-14,23
2175,288,64,2026-12-15,80
2176,356,83,2026-12-16,27
2177,160,1,2026-12-17,148
2178,332,68,2026-12-18,120
2179,455,56,2026-12-19,59
2180,494,66,2026-12-20,106
2181,169,75,2026-12-21,14
2182,333,29,2026-12-22,112
2183,21,65,2026-12-23,142
2184,177,63,2026-12-24,173
2185,470,80,2026-12-25,173
2186,263,77,2026-12-26,63
2187,403,31,2026-12-27,109
2188,369,15,2026-12-28,92
2189,82,32,2026-12-29,63
2190,313,52,2026-12-30,118
2191,260,49,2026-12-31,118
2192,150,30,2027-01-01,28
2193,365,3,2027-01-02,34
2194,58,3,2027-01-03,103
2195,117,52,2027-01-04,172
2196,312,79,2027-01-05,85
2197,498,10,2027-01-06,60
2198,483,96,2027-01-07,163
2199,251,70,2027-01-08,72
2200,208,24,2027-01-09,11
2201,242,10,2027-01-10,92
2202,278,18,2027-01-11,35
2203,36,24,2027-01-12,63
2204,136,62,2027-01-13,35
2205,246,38,2027-01-14,172
2206,58,76,2027-01-15,130
2207,487,94,2027-01-16,164
2208,138,61,2027-01-17,113
2209,300,93,2027-01-18,122
2210,2,74,2027-01-19,37
2211,420,42,2027-01-20,107
2212,106,68,2027-01-21,158
2213,64,77,2027-01-22,171
2214,183,80,2027-01-23,110
2215,141,93,2027-01-24,121
2216,161,61,2027-01-25,81
2217,88,97,2027-01-26,89
2218,14,45,2027-01-27,99
2219,159,88,2027-01-28,129
2220,358,83,2027-01-29,60
2221,152,54,2027-01-30,24
2222,8,92,2027-01-31,119
2223,257,35,2027-02-01,135
2224,35,11,2027-02-02,114
2225,427,4,2027-02-03,175
2226,447,96,2027-02-04,109
2227,30,75,2027-02-05,144
2228,157,87,2027-02-06,108
2229,397,37,2027-02-07,44
2230,228,96,2027-02-08,80
2231,300,77,2027-02-09,53
2232,315,51,2027-02-10,80
2233,425,14,2027-02-11,81
2234,302,63,2027-02-12,151
2235,392,46,2027-02-13,99
2236,8,91,2027-02-14,155
2237,413,49,2027-02-15,71
2238,93,20,2027-02-16,38
2239,357,50,2027-02-17,108
2240,435,92,2027-02-18,107
2241,235,73,2027-02-19,102
2242,470,81,2027-02-20,14
2243,68,73,2027-02-21,73
2244,234,77,2027-02-22,166
2245,300,90,2027-02-23,140
2246,392,50,2027-02-24,30
2247,256,22,2027-02-25,173
2248,414,55,2027-02-26,91
2249,401,71,2027-02-27,109
2250,202,86,2027-02-28,16
2251,493,46,2027-03-01,98
2252,368,53,2027-03-02,91
2253,87,18,2027-03-03,52
2254,430,58,2027-03-04,21
2255,20,97,2027-03-05,148
2256,478,49,2027-03-06,26
2257,208,21,2027-03-07,76
2258,277,64,2027-03-08,76
2259,75,27,2027-03-09,97
2260,230,93,2027-03-10,76
2261,3,64,2027-03-11,114
2262,468,7,2027-03-12,127
2263,422,58,2027-03-13,174
2264,261,46,2027-03-14,56
2265,229,62,2027-03-15,47
2266,326,33,2027-03-16,11
2267,219,62,2027-03-17,60
2268,329,83,2027-03-18,146
2269,295,18,2027-03-19,51
2270,464,35,2027-03-20,79
2271,75,2,2027-03-21,62
2272,290,43,2027-03-22,122
2273,475,5,2027-03-23,102
2274,111,81,2027-03-24,67
2275,94,2,2027-03-25,87
2276,243,16,2027-03-26,156
2277,230,59,2027-03-27,146
2278,388,69,2027-03-28,152
2279,66,28,2027-03-29,118
2280,385,71,2027-03-30,22
2281,65,9,2027-03-31,155
2282,315,78,2027-04-01,124
2283,142,88,2027-04-02,119
2284,172,38,2027-04-03,177
2285,267,50,2027-04-04,16
2286,218,77,2027-04-05,162
2287,50,25,2027-04-06,84
2288,411,1,2027-04-07,103
2289,16,95,2027-04-08,135
2290,495,39,2027-04-09,153
2291,459,75,2027-04-10,74
2292,180,84,2027-04-11,86
2293,195,44,2027-04-12,175
2294,294,36,2027-04-13,13
2295,69,48,2027-04-14,61
2296,284,99,2027-04-15,35
2297,151,98,2027-04-16,30
2298,158,28,2027-04-17,102
2299,488,41,2027-04-18,107
2300,237,8,2027-04-19,14
2301,445,70,2027-04-20,22
2302,16,46,2027-04-21,121
2303,7,79,2027-04-22,36
2304,204,77,2027-04-23,179
2305,329,49,2027-04-24,123
2306,67,79,2027-04-25,107
2307,148,94,2027-04-26,24
2308,450,28,2027-04-27,17
2309,497,93,2027-04-28,21
2310,254,38,2027-04-29,103
2311,236,59,2027-04-30,117
2312,417,19,2027-05-01,40
2313,185,28,2027-05-02,164
2314,401,42,2027-05-03,138
2315,318,3,2027-05-04,116
2316,402,85,2027-05-05,100
2317,456,79,2027-05-06,49
2318,375,10,2027-05-07,24
2319,75,68,2027-05-08,147
2320,56,90,2027-05-09,122
2321,305,49,2027-05-10,132
2322,106,76,2027-05-11,113
2323,287,70,2027-05-12,159
2324,49,3,2027-05-13,80
2325,23,72,2027-05-14,153
2326,362,20,2027-05-15,171
2327,250,88,2027-05-16,139
2328,239,97,2027-05-17,110
2329,453,12,2027-05-18,176
2330,461,4,2027-05-19,158
2331,400,77,2027-05-20,19
2332,71,46,2027-05-21,99
2333,4,34,2027-05-22,67
2334,448,40,2027-05-23,106
2335,74,2,2027-05-24,177
2336,120,13,2027-05-25,103
2337,453,82,2027-05-26,25
2338,14,27,2027-05-27,48
2339,387,50,2027-05-28,172
2340,6,88,2027-05-29,85
2341,386,59,2027-05-30,73
2342,13,15,2027-05-31,91
2343,255,92,2027-06-01,147
2344,255,84,2027-06-02,179
2345,412,2,2027-06-03,34
2346,454,72,2027-06-04,75
2347,412,25,2027-06-05,16
2348,47,99,2027-06-06,44
2349,331,93,2027-06-07,10
2350,320,36,2027-06-08,126
2351,56,51,2027-06-09,151
2352,420,4,2027-06-10,108
2353,186,34,2027-06-11,115
2354,117,37,2027-06-12,173
2355,403,61,2027-06-13,129
2356,425,88,2027-06-14,44
2357,472,89,2027-06-15,144
2358,4,68,2027-06-16,178
2359,423,85,2027-06-17,149
2360,273,97,2027-06-18,71
2361,418,80,2027-06-19,38
2362,21,63,2027-06-20,55
2363,111,2,2027-06-21,72
2364,451,8,2027-06-22,141
2365,340,56,2027-06-23,113
2366,192,17,2027-06-24,111
2367,241,97,2027-06-25,172
2368,374,99,2027-06-26,153
2369,15,50,2027-06-27,36
2370,335,55,2027-06-28,49
2371,437,88,2027-06-29,164
2372,241,20,2027-06-30,105
2373,102,3,2027-07-01,25
2374,124,4,2027-07-02,60
2375,333,10,2027-07-03,176
2376,241,4,2027-07-04,41
2377,428,93,2027-07-05,125
2378,393,78,2027-07-06,104
2379,325,3,2027-07-07,52
2380,455,31,2027-07-08,98
2381,339,18,2027-07-09,33
2382,56,54,2027-07-10,24
2383,423,26,2027-07-11,164
2384,12,78,2027-07-12,43
2385,439,6,2027-07-13,24
2386,400,49,2027-07-14,20
2387,143,60,2027-07-15,158
2388,315,11,2027-07-16,41
2389,294,25,2027-07-17,58
2390,68,37,2027-07-18,125
2391,363,60,2027-07-19,29
2392,2,98,2027-07-20,122
2393,341,3,2027-07-21,106
2394,486,28,2027-07-22,48
2395,76,59,2027-07-23,82
2396,140,68,2027-07-24,163
2397,437,72,2027-07-25,140
2398,289,86,2027-07-26,76
2399,70,49,2027-07-27,50
2400,376,3,2027-07-28,138
2401,22,53,2027-07-29,97
2402,366,54,2027-07-30,152
2403,238,52,2027-07-31,52
2404,338,72,2027-08-01,24
2405,265,91,2027-08-02,18
2406,424,18,2027-08-03,145
2407,255,81,2027-08-04,179
2408,143,90,2027-08-05,47
2409,153,5,2027-08-06,178
2410,287,23,2027-08-07,70
2411,4,12,2027-08-08,36
2412,407,94,2027-08-09,137
2413,25,8,2027-08-10,59
2414,96,46,2027-08-11,140
2415,482,92,2027-08-12,81
2416,159,41,2027-08-13,75
2417,372,36,2027-08-14,172
2418,473,43,2027-08-15,126
2419,320,37,2027-08-16,29
2420,14,90,2027-08-17,17
2421,358,63,2027-08-18,37
2422,166,9,2027-08-19,88
2423,385,19,2027-08-20,119
2424,273,43,2027-08-21,48
2425,260,62,2027-08-22,125
2426,423,4,2027-08-23,65
2427,296,19,2027-08-24,41
2428,104,88,2027-08-25,147
2429,468,100,2027-08-26,143
2430,395,22,2027-08-27,14
2431,118,2,2027-08-28,109
2432,305,65,2027-08-29,80
2433,150,11,2027-08-30,40
2434,400,13,2027-08-31,114
2435,347,7,2027-09-01,94
2436,278,63,2027-09-02,104
2437,200,94,2027-09-03,113
2438,487,73,2027-09-04,17
2439,117,12,2027-09-05,105
2440,396,42,2027-09-06,90
2441,25,12,2027-09-07,80
2442,438,63,2027-09-08,165
2443,278,85,2027-09-09,84
2444,374,78,2027-09-10,13
2445,443,39,2027-09-11,149
2446,449,42,2027-09-12,160
2447,187,6,2027-09-13,110
2448,2,83,2027-09-14,152
2449,112,95,2027-09-15,100
2450,125,19,2027-09-16,86
2451,383,5,2027-09-17,47
2452,215,54,2027-09-18,80
2453,443,48,2027-09-19,97
2454,336,70,2027-09-20,159
2455,332,7,2027-09-21,104
2456,136,18,2027-09-22,31
2457,495,33,2027-09-23,38
2458,149,7,2027-09-24,160
2459,314,16,2027-09-25,168
2460,401,48,2027-09-26,108
2461,120,64,2027-09-27,151
2462,178,13,2027-09-28,177
2463,270,44,2027-09-29,142
2464,430,87,2027-09-30,153
2465,76,70,2027-10-01,168
2466,209,69,2027-10-02,123
2467,346,98,2027-10-03,58
2468,401,94,2027-10-04,34
2469,211,37,2027-10-05,142
2470,413,54,2027-10-06,82
2471,85,48,2027-10-07,117
2472,417,63,2027-10-08,30
2473,178,42,2027-10-09,119
2474,489,34,2027-10-10,47
2475,233,72,2027-10-11,79
2476,94,23,2027-10-12,28
2477,166,63,2027-10-13,166
2478,145,2,2027-10-14,23
2479,216,12,2027-10-15,141
2480,420,61,2027-10-16,107
2481,313,80,2027-10-17,78
2482,425,18,2027-10-18,169
2483,260,66,2027-10-19,93
2484,447,84,2027-10-20,88
2485,277,98,2027-10-21,41
2486,335,2,2027-10-22,131
2487,2,17,2027-10-23,55
2488,185,23,2027-10-24,124
2489,458,79,2027-10-25,145
2490,356,82,2027-10-26,163
2491,459,79,2027-10-27,65
2492,179,97,2027-10-28,50
2493,444,41,2027-10-29,15
2494,153,25,2027-10-30,166
2495,485,54,2027-10-31,123
2496,262,63,2027-11-01,40
2497,437,85,2027-11-02,10
2498,278,59,2027-11-03,59
2499,60,20,2027-11-04,57
2500,64,48,2027-11-05,166
2501,238,60,2027-11-06,149
2502,370,15,2027-11-07,158
2503,254,54,2027-11-08,55
2504,229,71,2027-11-09,62
2505,107,37,2027-11-10,94
2506,59,98,2027-11-11,130
2507,414,55,2027-11-12,92
2508,431,61,2027-11-13,44
2509,344,11,2027-11-14,161
2510,138,57,2027-11-15,76
2511,485,60,2027-11-16,90
2512,478,96,2027-11-17,110
2513,112,95,2027-11-18,129
2514,3,19,2027-11-19,68
2515,6,62,2027-11-20,55
2516,183,38,2027-11-21,59
2517,268,15,2027-11-22,12
2518,65,68,2027-11-23,44
2519,3,7,2027-11-24,57
2520,81,23,2027-11-25,98
2521,39,47,2027-11-26,158
2522,160,18,2027-11-27,120
2523,184,48,2027-11-28,156
2524,127,48,2027-11-29,124
2525,296,85,2027-11-30,14
2526,335,52,2027-12-01,115
2527,276,97,2027-12-02,29
2528,477,63,2027-12-03,84
2529,113,96,2027-12-04,72
2530,387,19,2027-12-05,54
2531,204,68,2027-12-06,94
2532,30,52,2027-12-07,147
2533,234,56,2027-12-08,65
2534,385,28,2027-12-09,32
2535,412,37,2027-12-10,66
2536,440,71,2027-12-11,170
2537,472,70,2027-12-12,151
2538,336,16,2027-12-13,129
2539,262,56,2027-12-14,116
2540,112,30,2027-12-15,26
2541,139,61,2027-12-16,67
2542,230,95,2027-12-17,126
2543,50,5,2027-12-18,28
2544,310,64,2027-12-19,116
2545,223,70,2027-12-20,11
2546,275,45,2027-12-21,113
2547,308,95,2027-12-22,121
2548,413,10,2027-12-23,57
2549,112,96,2027-12-24,14
2550,457,10,2027-12-25,141
2551,277,74,2027-12-26,121
2552,247,71,2027-12-27,116
2553,262,58,2027-12-28,172
2554,309,91,2027-12-29,95
2555,334,45,2027-12-30,45
2556,207,26,2027-12-31,158
2557,91,4,2028-01-01,171
2558,204,5,2028-01-02,174
2559,495,88,2028-01-03,122
2560,499,28,2028-01-04,152
2561,63,12,2028-01-05,50
2562,347,64,2028-01-06,16
2563,295,61,2028-01-07,45
2564,398,39,2028-01-08,46
2565,438,30,2028-01-09,177
2566,218,83,2028-01-10,54
2567,38,34,2028-01-11,139
2568,382,72,2028-01-12,79
2569,157,31,2028-01-13,114
2570,400,5,2028-01-14,118
2571,60,48,2028-01-15,163
2572,246,36,2028-01-16,15
2573,264,49,2028-01-17,162
2574,178,84,2028-01-18,68
2575,18,88,2028-01-19,43
2576,31,77,2028-01-20,68
2577,182,1,2028-01-21,150
2578,315,6,2028-01-22,93
2579,280,97,2028-01-23,17
2580,166,33,2028-01-24,167
2581,470,6,2028-01-25,88
2582,167,10,2028-01-26,43
2583,21,73,2028-01-27,67
2584,355,35,2028-01-28,21
2585,342,17,2028-01-29,147
2586,409,9,2028-01-30,143
2587,308,60,2028-01-31,127
2588,37,35,2028-02-01,108
2589,347,20,2028-02-02,34
2590,172,85,2028-02-03,11
2591,356,69,2028-02-04,118
2592,406,85,2028-02-05,150
2593,295,38,2028-02-06,56
2594,70,83,2028-02-07,100
2595,25,78,2028-02-08,42
2596,286,74,2028-02-09,85
2597,84,69,2028-02-10,94
2598,428,51,2028-02-11,111
2599,197,95,2028-02-12,91
2600,433,78,2028-02-13,131
2601,200,47,2028-02-14,61
2602,136,44,2028-02-15,62
2603,32,41,2028-02-16,11
2604,299,71,2028-02-17,65
2605,124,33,2028-02-18,140
2606,441,76,2028-02-19,16
2607,450,2,2028-02-20,21
2608,316,69,2028-02-21,88
2609,476,71,2028-02-22,38
2610,274,12,2028-02-23,169
2611,82,21,2028-02-24,29
2612,8,80,2028-02-25,91
2613,90,58,2028-02-26,129
2614,413,15,2028-02-27,134
2615,246,5,2028-02-28,12
2616,242,34,2028-02-29,82
2617,351,79,2028-03-01,126
2618,72,74,2028-03-02,86
2619,159,14,2028-03-03,102
2620,208,30,2028-03-04,37
2621,200,18,2028-03-05,141
2622,435,68,2028-03-06,114
2623,172,16,2028-03-07,34
2624,407,20,2028-03-08,153
2625,213,82,2028-03-09,92
2626,485,50,2028-03-10,52
2627,223,12,2028-03-11,105
2628,160,53,2028-03-12,142
2629,334,68,2028-03-13,18
2630,429,93,2028-03-14,76
2631,316,13,2028-03-15,53
2632,24,60,2028-03-16,135
2633,400,100,2028-03-17,13
2634,77,95,2028-03-18,139
2635,96,28,2028-03-19,132
2636,279,65,2028-03-20,44
2637,456,7,2028-03-21,75
2638,272,64,2028-03-22,168
2639,102,34,2028-03-23,114
2640,313,82,2028-03-24,35
2641,420,42,2028-03-25,90
2642,24,56,2028-03-26,121
2643,414,28,2028-03-27,16
2644,191,37,2028-03-28,93
2645,284,1,2028-03-29,147
2646,355,79,2028-03-30,73
2647,154,18,2028-03-31,20
2648,131,100,2028-04-01,148
2649,239,30,2028-04-02,110
2650,29,27,2028-04-03,168
2651,68,36,2028-04-04,45
2652,90,26,2028-04-05,123
2653,33,41,2028-04-06,69
2654,485,71,2028-04-07,11
2655,71,97,2028-04-08,169
2656,22,56,2028-04-09,56
2657,103,88,2028-04-10,174
2658,40,19,2028-04-11,64
2659,338,84,2028-04-12,145
2660,265,84,2028-04-13,171
2661,191,24,2028-04-14,148
2662,482,89,2028-04-15,66
2663,418,21,2028-04-16,44
2664,61,98,2028-04-17,104
2665,491,53,2028-04-18,43
2666,344,7,2028-04-19,151
2667,471,26,2028-04-20,117
2668,186,70,2028-04-21,167
2669,9,78,2028-04-22,149
2670,106,36,2028-04-23,156
2671,51,75,2028-04-24,53
2672,423,1,2028-04-25,164
2673,444,62,2028-04-26,117
2674,19,15,2028-04-27,138
2675,102,51,2028-04-28,15
2676,155,5,2028-04-29,55
2677,314,85,2028-04-30,154
2678,163,87,2028-05-01,156
2679,423,37,2028-05-02,22
2680,242,11,2028-05-03,126
2681,372,72,2028-05-04,103
2682,353,96,2028-05-05,103
2683,44,20,2028-05-06,136
2684,268,11,2028-05-07,32
2685,211,18,2028-05-08,158
2686,357,41,2028-05-09,96
2687,324,90,2028-05-10,109
2688,23,54,2028-05-11,104
2689,115,81,2028-05-12,138
2690,146,72,2028-05-13,30
2691,373,68,2028-05-14,90
2692,93,99,2028-05-15,78
2693,476,18,2028-05-16,37
2694,316,74,2028-05-17,91
2695,29,6,2028-05-18,11
2696,291,41,2028-05-19,132
2697,125,8,2028-05-20,107
2698,83,11,2028-05-21,113
2699,470,15,2028-05-22,22
2700,122,63,2028-05-23,42
2701,290,59,2028-05-24,173
2702,451,44,2028-05-25,94
2703,112,24,2028-05-26,48
2704,467,10,2028-05-27,113
2705,320,44,2028-05-28,10
2706,338,33,2028-05-29,135
2707,342,54,2028-05-30,81
2708,455,20,2028-05-31,167
2709,348,47,2028-06-01,81
2710,189,21,2028-06-02,124
2711,18,61,2028-06-03,131
2712,277,89,2028-06-04,167
2713,98,45,2028-06-05,74
2714,18,84,2028-06-06,175
2715,289,94,2028-06-07,11
2716,90,94,2028-06-08,163
2717,455,92,2028-06-09,135
2718,229,42,2028-06-10,83
2719,455,70,2028-06-11,124
2720,66,58,2028-06-12,131
2721,156,14,2028-06-13,101
2722,159,29,2028-06-14,176
2723,33,19,2028-06-15,172
2724,115,49,2028-06-16,158
2725,38,12,2028-06-17,176
2726,465,44,2028-06-18,175
2727,443,40,2028-06-19,76
2728,450,71,2028-06-20,152
2729,373,89,2028-06-21,76
2730,275,100,2028-06-22,152
2731,458,86,2028-06-23,75
2732,93,2,2028-06-24,159
2733,191,25,2028-06-25,43
2734,3,67,2028-06-26,153
2735,89,49,2028-06-27,125
2736,413,22,2028-06-28,122
2737,458,100,2028-06-29,108
2738,190,79,2028-06-30,47
2739,5,96,2028-07-01,103
2740,60,53,2028-07-02,73
2741,326,21,2028-07-03,49
2742,493,10,2028-07-04,113
2743,74,22,2028-07-05,45
2744,430,86,2028-07-06,102
2745,91,36,2028-07-07,105
2746,411,79,2028-07-08,178
2747,183,14,2028-07-09,67
2748,386,92,2028-07-10,179
2749,232,98,2028-07-11,40
2750,419,82,2028-07-12,169
2751,290,54,2028-07-13,54
2752,251,73,2028-07-14,141
2753,31,46,2028-07-15,155
2754,339,30,2028-07-16,104
2755,13,59,2028-07-17,46
2756,263,97,2028-07-18,55
2757,343,18,2028-07-19,38
2758,307,52,2028-07-20,172
2759,373,53,2028-07-21,82
2760,441,4,2028-07-22,146
2761,104,89,2028-07-23,27
2762,401,87,2028-07-24,127
2763,348,35,2028-07-25,86
2764,249,11,2028-07-26,38
2765,448,70,2028-07-27,60
2766,298,96,2028-07-28,59
2767,290,64,2028-07-29,133
2768,89,70,2028-07-30,168
2769,39,35,2028-07-31,137
2770,278,3,2028-08-01,23
2771,324,2,2028-08-02,99
2772,207,95,2028-08-03,31
2773,219,41,2028-08-04,88
2774,352,86,2028-08-05,71
2775,350,97,2028-08-06,180
2776,425,16,2028-08-07,63
2777,146,50,2028-08-08,107
2778,147,21,2028-08-09,149
2779,154,79,2028-08-10,83
2780,339,21,2028-08-11,100
2781,288,28,2028-08-12,163
2782,35,98,2028-08-13,20
2783,432,72,2028-08-14,149
2784,402,46,2028-08-15,57
2785,311,57,2028-08-16,65
2786,335,26,2028-08-17,56
2787,213,91,2028-08-18,154
2788,280,52,2028-08-19,32
2789,127,44,2028-08-20,56
2790,169,9,2028-08-21,20
2791,112,15,2028-08-22,119
2792,87,81,2028-08-23,162
2793,71,34,2028-08-24,98
2794,414,93,2028-08-25,19
2795,63,10,2028-08-26,106
2796,9,96,2028-08-27,17
2797,174,46,2028-08-28,123
2798,397,23,2028-08-29,55
2799,454,58,2028-08-30,112
2800,336,42,2028-08-31,165
2801,170,28,2028-09-01,28
2802,304,18,2028-09-02,123
2803,37,85,2028-09-03,140
2804,61,45,2028-09-04,97
2805,77,37,2028-09-05,66
2806,334,31,2028-09-06,76
2807,332,27,2028-09-07,26
2808,381,5,2028-09-08,152
2809,128,99,2028-09-09,15
2810,61,99,2028-09-10,85
2811,173,50,2028-09-11,112
2812,1,75,2028-09-12,98
2813,483,28,2028-09-13,33
2814,71,94,2028-09-14,96
2815,384,62,2028-09-15,177
2816,97,68,2028-09-16,123
2817,124,4,2028-09-17,154
2818,61,11,2028-09-18,82
2819,122,82,2028-09-19,178
2820,211,63,2028-09-20,70
2821,19,66,2028-09-21,57
2822,183,63,2028-09-22,78
2823,348,36,2028-09-23,94
2824,397,87,2028-09-24,19
2825,261,9,2028-09-25,161
2826,418,87,2028-09-26,144
2827,418,36,2028-09-27,132
2828,285,15,2028-09-28,89
2829,166,87,2028-09-29,168
2830,14,10,2028-09-30,125
2831,353,7,2028-10-01,118
2832,165,59,2028-10-02,47
2833,102,99,2028-10-03,131
2834,123,33,2028-10-04,121
2835,189,14,2028-10-05,25
2836,25,21,2028-10-06,92
2837,177,41,2028-10-07,38
2838,269,76,2028-10-08,74
2839,27,28,2028-10-09,128
2840,37,43,2028-10-10,111
2841,209,1,2028-10-11,133
2842,38,86,2028-10-12,127
2843,80,31,2028-10-13,11
2844,112,64,2028-10-14,82
2845,364,59,2028-10-15,48
2846,173,64,2028-10-16,22
2847,284,24,2028-10-17,174
2848,11,32,2028-10-18,28
2849,361,30,2028-10-19,149
2850,169,7,2028-10-20,123
2851,447,22,2028-10-21,112
2852,486,37,2028-10-22,179
2853,482,71,2028-10-23,47
2854,223,82,2028-10-24,70
2855,200,76,2028-10-25,116
2856,52,33,2028-10-26,168
2857,421,78,2028-10-27,165
2858,285,91,2028-10-28,58
2859,114,19,2028-10-29,61
2860,370,35,2028-10-30,132
2861,486,15,2028-10-31,43
2862,225,19,2028-11-01,88
2863,171,86,2028-11-02,63
2864,263,32,2028-11-03,119
2865,391,29,2028-11-04,117
2866,11,79,2028-11-05,81
2867,352,18,2028-11-06,148
2868,484,69,2028-11-07,38
2869,154,51,2028-11-08,19
2870,53,74,2028-11-09,146
2871,305,23,2028-11-10,57
2872,436,99,2028-11-11,50
2873,245,44,2028-11-12,69
2874,226,9,2028-11-13,94
2875,22,86,2028-11-14,110
2876,18,37,2028-11-15,112
2877,217,32,2028-11-16,55
2878,118,44,2028-11-17,94
2879,16,79,2028-11-18,158
2880,302,27,2028-11-19,125
2881,271,84,2028-11-20,112
2882,54,99,2028-11-21,69
2883,301,78,2028-11-22,123
2884,471,12,2028-11-23,123
2885,76,40,2028-11-24,34
2886,132,71,2028-11-25,104
2887,3,50,2028-11-26,21
2888,402,40,2028-11-27,27
2889,378,18,2028-11-28,167
2890,415,66,2028-11-29,15
2891,209,2,2028-11-30,171
2892,392,35,2028-12-01,27
2893,164,66,2028-12-02,101
2894,108,46,2028-12-03,64
2895,185,23,2028-12-04,12
2896,398,62,2028-12-05,57
2897,453,59,2028-12-06,19
2898,166,6,2028-12-07,80
2899,116,60,2028-12-08,74
2900,499,44,2028-12-09,115
2901,492,16,2028-12-10,64
2902,160,87,2028-12-11,109
2903,114,72,2028-12-12,167
2904,288,58,2028-12-13,14
2905,331,75,2028-12-14,24
2906,216,27,2028-12-15,161
2907,322,63,2028-12-16,178
2908,233,87,2028-12-17,83
2909,31,3,2028-12-18,147
2910,72,8,2028-12-19,28
2911,232,59,2028-12-20,16
2912,259,1,2028-12-21,158
2913,213,47,2028-12-22,142
2914,40,63,2028-12-23,80
2915,374,11,2028-12-24,24
2916,85,61,2028-12-25,37
2917,478,25,2028-12-26,171
2918,83,8,2028-12-27,96
2919,115,96,2028-12-28,94
2920,284,71,2028-12-29,116
2921,256,43,2028-12-30,170
2922,432,78,2028-12-31,111
2923,235,39,2029-01-01,82
2924,463,53,2029-01-02,38
2925,382,97,2029-01-03,101
2926,49,21,2029-01-04,154
2927,419,10,2029-01-05,83
2928,486,58,2029-01-06,40
2929,391,65,2029-01-07,26
2930,348,12,2029-01-08,98
2931,84,11,2029-01-09,74
2932,457,67,2029-01-10,80
2933,95,87,2029-01-11,124
2934,415,35,2029-01-12,88
2935,89,98,2029-01-13,27
2936,433,18,2029-01-14,88
2937,393,49,2029-01-15,48
2938,171,92,2029-01-16,86
2939,469,49,2029-01-17,63
2940,427,100,2029-01-18,80
2941,187,46,2029-01-19,159
2942,311,18,2029-01-20,66
2943,381,12,2029-01-21,154
2944,214,65,2029-01-22,78
2945,199,25,2029-01-23,18
2946,290,77,2029-01-24,167
2947,49,80,2029-01-25,131
2948,82,95,2029-01-26,81
2949,314,36,2029-01-27,69
2950,50,54,2029-01-28,10
2951,425,85,2029-01-29,81
2952,318,42,2029-01-30,136
2953,218,84,2029-01-31,171
2954,369,26,2029-02-01,130
2955,36,63,2029-02-02,160
2956,227,32,2029-02-03,141
2957,120,11,2029-02-04,63
2958,431,94,2029-02-05,122
2959,36,33,2029-02-06,35
2960,165,61,2029-02-07,159
2961,313,59,2029-02-08,103
2962,196,39,2029-02-09,25
2963,220,77,2029-02-10,92
2964,15,90,2029-02-11,62
2965,190,13,2029-02-12,113
2966,241,36,2029-02-13,155
2967,65,96,2029-02-14,179
2968,135,48,2029-02-15,177
2969,499,9,2029-02-16,96
2970,197,75,2029-02-17,28
2971,50,84,2029-02-18,172
2972,410,30,2029-02-19,130
2973,5,22,2029-02-20,59
2974,186,41,2029-02-21,38
2975,241,90,2029-02-22,68
2976,353,97,2029-02-23,25
2977,193,42,2029-02-24,81
2978,228,39,2029-02-25,27
2979,34,24,2029-02-26,72
2980,493,7,2029-02-27,92
2981,310,26,2029-02-28,54
2982,111,99,2029-03-01,148
2983,208,22,2029-03-02,30
2984,80,63,2029-03-03,84
2985,105,33,2029-03-04,123
2986,427,59,2029-03-05,77
2987,339,98,2029-03-06,22
2988,377,76,2029-03-07,19
2989,34,26,2029-03-08,114
2990,495,55,2029-03-09,128
2991,25,84,2029-03-10,89
2992,224,81,2029-03-11,32
2993,79,64,2029-03-12,117
2994,69,58,2029-03-13,50
2995,477,46,2029-03-14,135
2996,395,34,2029-03-15,125
2997,254,2,2029-03-16,57
2998,413,53,2029-03-17,48
2999,290,87,2029-03-18,121
3000,490,18,2029-03-19,92
